sku,national_inv,lead_time,in_transit_qty,forecast_3_month,forecast_6_month,forecast_9_month,sales_1_month,sales_3_month,sales_6_month,sales_9_month,min_bank,potential_issue,pieces_past_due,perf_6_month_avg,perf_12_month_avg,local_bo_qty,deck_risk,oe_constraint,ppap_risk,stop_auto_buy,rev_stop
1888279,117,,0,0,0,0,0,0,15,15,1,No,0,-99.0,-99.0,0,No,No,Yes,Yes,No
1870557,7,2.0,0,0,0,0,0,0,0,0,0,No,0,0.5,0.28,0,Yes,No,No,Yes,No
1475481,258,15.0,10,10,77,184,46,132,256,365,47,No,0,0.54,0.7,0,No,No,No,Yes,No
1758220,46,2.0,0,0,0,0,1,2,6,9,1,No,0,0.75,0.9,0,Yes,No,No,Yes,No
1360312,2,2.0,0,4,6,10,2,2,5,6,0,No,0,0.97,0.92,0,No,No,No,Yes,No
3002608,297,12.0,0,0,0,0,5,6,44,57,3,No,0,0.58,0.75,0,Yes,No,No,Yes,No
1707693,3285,8.0,0,0,0,0,18,81,162,304,37,No,0,0.61,0.57,0,No,No,No,Yes,No
2066128,6,2.0,0,0,3,9,1,5,8,13,0,No,0,0.86,0.77,0,No,No,No,Yes,No
3174990,99,8.0,0,46,169,225,2,22,176,263,21,No,0,0.11,0.37,0,No,No,No,Yes,No
3021709,52,2.0,0,0,0,0,0,0,0,0,0,No,0,0.83,0.69,0,No,No,No,Yes,No
3104894,51,,0,0,0,0,0,0,0,0,0,No,0,-99.0,-99.0,0,No,No,No,Yes,No
1960152,0,12.0,0,8,11,17,0,3,10,13,1,No,0,0.78,0.78,0,No,No,No,Yes,No
3011283,1782,8.0,562,4687,8047,12079,2019,5486,10109,14569,316,No,0,0.85,0.85,0,No,No,Yes,Yes,No
2231740,2,8.0,0,0,0,0,0,0,0,0,1,No,0,0.79,0.79,0,No,No,No,Yes,No
1559858,5,8.0,0,0,0,0,0,0,0,1,1,No,0,0.1,0.13,0,No,No,No,Yes,No
1453996,17,8.0,0,6,24,36,6,11,26,42,0,No,0,1.0,0.96,0,No,No,No,Yes,No
1792717,17,15.0,11,498,666,882,66,226,481,792,58,No,0,0.05,0.08,32,No,No,No,Yes,No
1255045,5,2.0,0,10,30,60,8,31,75,110,0,No,0,1.0,0.99,0,No,No,No,Yes,No
1180609,-1,9.0,0,9,11,13,1,9,11,12,0,No,0,0.85,0.83,1,Yes,No,No,No,No
1862464,12,9.0,0,0,0,0,0,0,0,0,0,No,0,0.99,0.96,0,No,No,No,Yes,No
3214039,5691,8.0,812,1883,6332,11297,181,5878,13709,15561,694,No,0,1.0,0.99,0,No,No,No,Yes,No
1513222,4,4.0,0,0,0,0,0,0,0,0,0,No,0,0.73,0.78,0,Yes,No,No,Yes,No
1779453,2,2.0,0,3,6,12,3,5,16,18,0,No,0,0.98,0.97,0,No,No,No,Yes,No
3172237,2,10.0,0,0,0,0,0,0,0,0,0,No,0,0.89,0.9,0,No,No,Yes,Yes,No
1460192,0,2.0,0,10,12,12,0,0,0,0,0,No,0,0.23,0.26,0,Yes,No,Yes,Yes,No
1298280,54,,0,0,0,0,0,0,0,0,0,No,0,-99.0,-99.0,0,No,No,No,Yes,No
2931231,12,8.0,0,8,16,24,2,10,23,34,1,No,0,0.96,0.91,0,No,No,No,Yes,No
2258214,0,8.0,0,0,0,0,0,0,0,0,0,No,0,1.0,0.91,0,No,No,No,Yes,No
2289159,4,9.0,0,0,0,2,2,3,4,5,0,No,0,0.7,0.66,0,No,No,Yes,Yes,No
1493695,27,8.0,1,56,88,128,17,41,84,125,16,No,7,0.79,0.66,0,No,No,No,Yes,No
3065513,460,16.0,0,2842,3342,4746,1101,2100,4102,5676,0,No,0,0.96,0.96,0,No,No,No,Yes,No
1755011,114,8.0,0,0,0,0,0,8,10,12,1,No,0,-99.0,-99.0,0,Yes,No,Yes,Yes,No
3178260,748,8.0,0,700,700,700,0,0,0,0,0,No,0,0.98,0.95,0,No,No,No,Yes,No
2058953,0,2.0,0,1,1,1,1,2,2,2,0,No,0,0.8,0.82,0,Yes,No,No,Yes,No
2864399,2492,2.0,40,0,0,0,48,132,269,459,37,No,0,-99.0,0.99,0,No,No,Yes,No,No
1346632,4,2.0,0,0,0,0,0,0,0,0,0,No,0,0.96,0.94,0,No,No,No,Yes,No
1236911,219,8.0,0,1341,2181,2811,346,794,1450,2304,328,No,70,0.06,0.13,0,No,No,No,Yes,No
1853239,15,2.0,0,0,0,0,0,3,8,9,1,No,0,0.9,0.94,0,Yes,No,No,Yes,No
1883347,0,12.0,0,2,2,2,0,0,0,0,0,No,0,0.63,0.72,0,Yes,No,No,Yes,No
2876754,13,12.0,0,0,0,0,0,0,0,0,1,No,0,0.48,0.48,0,Yes,No,No,Yes,No
2036426,127,,0,0,0,0,0,0,0,1,2,No,0,-99.0,-99.0,0,No,No,Yes,Yes,No
1820913,7,8.0,0,0,0,0,0,1,1,2,0,No,0,0.0,0.0,0,No,No,Yes,Yes,No
1449419,0,9.0,3,2,4,5,2,4,4,5,0,No,0,0.91,0.77,0,No,No,No,Yes,No
1312888,83,8.0,9,287,525,756,84,267,501,753,65,No,18,0.79,0.66,0,No,No,No,Yes,No
1986710,6,8.0,0,0,0,0,2,4,5,8,0,No,0,0.96,0.92,0,No,No,No,Yes,No
1602953,73,2.0,24,92,236,344,21,101,217,346,25,No,0,0.95,0.95,0,No,No,No,Yes,No
3156440,51,8.0,0,0,0,0,0,0,1,2,1,No,0,0.0,0.0,0,No,No,No,Yes,No
1770053,2,8.0,0,0,0,0,0,0,0,0,1,No,0,0.96,0.97,0,Yes,No,Yes,Yes,No
1759984,1,52.0,0,263,1363,1363,16,58,107,161,45,No,0,0.07,0.2,0,No,No,No,No,No
1296493,12,9.0,0,0,0,0,0,0,0,0,0,No,0,0.85,0.83,0,No,No,No,Yes,No
2151728,18,8.0,0,0,0,0,0,0,0,0,0,No,0,0.7,0.74,0,No,No,No,Yes,No
3179683,12,2.0,0,0,0,0,0,0,0,0,0,No,0,0.78,0.75,0,No,No,Yes,Yes,No
2154618,1,8.0,0,1,1,1,0,0,1,1,1,No,0,0.83,0.85,0,No,No,Yes,Yes,No
2152149,20,12.0,0,0,0,0,0,0,0,0,1,No,0,0.48,0.48,0,Yes,No,No,Yes,No
1920822,0,8.0,0,3,3,4,1,1,1,1,0,No,0,0.0,0.0,0,Yes,No,No,Yes,No
1136697,179,8.0,0,0,0,0,0,1,5,6,3,No,0,-99.0,-99.0,0,No,No,No,Yes,No
3254616,14,2.0,0,2,10,10,1,9,16,22,2,No,0,1.0,0.8,0,No,No,No,Yes,No
3226145,15,12.0,0,0,0,0,0,0,0,0,1,No,0,0.48,0.48,0,Yes,No,No,Yes,No
1208110,66,2.0,5,90,150,210,29,87,138,188,37,No,0,0.97,0.99,0,No,No,No,Yes,No
1436007,24,,0,0,0,0,0,2,13,16,0,No,0,-99.0,-99.0,0,Yes,No,No,Yes,No
1514964,19,8.0,0,0,8,12,2,5,10,23,4,No,0,0.88,0.89,0,No,No,No,Yes,No
2295243,40,4.0,0,0,0,0,360,850,1630,2520,0,No,0,0.73,0.78,0,No,No,No,Yes,No
1653596,6,2.0,0,0,0,0,0,0,4,5,1,No,0,0.62,0.36,0,Yes,No,Yes,Yes,No
1821819,0,8.0,0,51,59,59,0,0,0,0,0,No,0,0.86,0.94,0,No,No,No,Yes,No
1796254,1474,10.0,0,0,0,0,200,480,800,880,386,No,0,0.8,0.77,0,No,No,No,Yes,No
1442061,6,12.0,0,0,0,0,0,0,0,0,0,No,0,0.78,0.78,0,Yes,No,No,Yes,No
3060252,8,12.0,0,0,0,0,0,0,1,2,0,No,0,0.57,0.68,0,No,No,No,Yes,No
1410120,0,9.0,0,5,7,9,0,2,5,7,0,No,0,0.91,0.77,0,Yes,No,No,Yes,No
1241750,3,8.0,0,0,8,8,0,1,2,4,0,No,0,0.96,0.93,0,No,No,No,Yes,No
2063016,11,9.0,0,0,0,0,0,0,0,0,0,No,0,0.91,0.77,0,Yes,No,No,Yes,No
3063566,725,2.0,0,0,0,0,1,2,3,5,2,No,0,0.54,0.71,0,No,No,Yes,Yes,No
1620785,4985,52.0,0,0,0,0,0,0,0,0,0,No,0,0.95,0.86,0,Yes,No,No,No,No
1135641,49,2.0,0,0,0,0,0,0,0,0,0,No,0,0.55,0.65,0,No,No,No,Yes,No
1823695,7,2.0,0,0,0,0,2,4,9,9,0,No,0,0.53,0.54,0,Yes,No,No,Yes,No
2231277,0,2.0,0,6,6,6,0,0,0,0,0,No,0,0.64,0.61,0,Yes,No,No,Yes,No
1707795,64,8.0,24,97,185,273,32,111,210,362,41,No,0,1.0,0.96,0,No,No,No,Yes,No
2850861,40,8.0,0,0,0,0,0,0,0,0,0,No,0,0.82,0.81,0,No,No,No,Yes,No
1337581,162,,0,0,0,0,1,4,15,17,4,No,0,-99.0,-99.0,0,No,No,No,No,No
2826162,16,8.0,5,5,21,29,5,14,28,46,0,No,0,0.96,0.96,0,No,No,No,Yes,No
1892985,6,8.0,0,0,0,0,0,0,0,0,0,No,0,0.81,0.85,0,No,No,No,Yes,No
2940768,0,2.0,0,11,11,11,0,0,0,0,1,No,11,0.0,0.0,0,Yes,No,No,Yes,No
1340715,4,8.0,0,0,0,0,0,1,1,1,0,No,0,0.99,0.99,0,No,No,No,Yes,No
3093491,2446,8.0,0,0,0,0,0,0,20,21,2,No,0,0.99,0.99,0,No,No,Yes,Yes,No
2912064,96,12.0,0,0,0,0,0,0,0,0,0,No,0,0.94,0.87,0,No,No,No,Yes,No
2214657,41,4.0,0,20,41,55,6,27,68,105,0,No,0,0.73,0.78,0,No,No,No,Yes,No
1145525,43,8.0,10,21,39,66,12,24,50,103,17,No,0,0.96,0.89,0,No,No,No,Yes,No
1448479,197,2.0,0,0,0,0,0,3,7,12,1,No,0,0.83,0.9,0,No,No,No,Yes,No
3159614,20,12.0,0,0,0,0,0,2,7,10,0,No,0,0.73,0.79,0,No,No,No,Yes,No
1741413,197,8.0,0,0,0,0,3,8,17,30,79,No,0,-99.0,0.0,0,No,No,No,Yes,No
1366350,4,0.0,0,0,0,0,0,0,0,1,2,No,0,0.0,0.0,0,No,No,No,No,No
2969008,45,8.0,0,0,0,0,0,0,0,0,0,No,0,0.0,0.0,0,No,No,No,Yes,No
1763044,0,15.0,0,0,0,0,0,0,0,0,0,No,0,0.78,0.74,0,No,No,Yes,Yes,No
2120357,-1,8.0,0,50,50,50,2,3,17,29,0,No,0,0.83,0.86,1,No,No,No,Yes,No
1633765,248,8.0,0,0,0,0,0,0,2,6,0,No,0,0.72,0.74,0,No,No,No,Yes,No
2231936,148,2.0,7,139,342,537,27,129,324,500,99,No,0,0.66,0.67,0,No,No,No,Yes,No
1553144,8,9.0,0,0,0,0,0,2,2,3,0,No,0,0.86,0.84,0,Yes,No,No,Yes,No
1406141,1,4.0,0,0,0,0,0,0,0,0,0,No,0,0.73,0.78,0,No,No,No,Yes,No
3113187,20,12.0,0,0,0,0,0,0,0,0,1,No,0,0.48,0.48,0,Yes,No,No,Yes,No
2999626,0,8.0,0,0,0,0,0,0,0,0,0,No,0,0.98,0.96,0,No,No,No,Yes,No
1973170,0,,0,0,0,0,0,8,56,60,4,No,0,-99.0,-99.0,0,No,No,No,No,No
1971182,0,9.0,0,3,4,6,2,3,6,9,4,No,0,0.99,0.98,0,No,No,No,Yes,No
2885784,15,2.0,0,0,0,0,1,2,2,2,2,No,0,1.0,1.0,0,No,No,No,Yes,No
1552282,0,2.0,0,6,6,6,0,2,4,4,0,No,0,0.8,0.82,0,No,No,No,Yes,No
2218207,0,12.0,0,0,0,0,0,0,0,0,1,No,0,0.77,0.73,0,No,No,No,Yes,No
3136688,0,10.0,0,3,4,5,0,1,3,3,0,No,0,0.77,0.84,0,No,No,No,Yes,No
1965624,1702,8.0,285,0,0,0,161,404,870,1154,86,No,0,0.7,0.64,0,No,No,No,Yes,No
1871360,3,8.0,0,0,0,0,0,0,0,0,1,No,0,0.99,0.98,0,No,No,No,Yes,No
3257270,18,4.0,6,3,9,18,3,7,21,31,0,No,0,0.73,0.78,0,No,No,No,Yes,No
1277999,13,12.0,1,0,0,0,0,0,0,0,1,No,0,0.63,0.63,0,Yes,No,No,Yes,No
1359585,70,12.0,3,583,1023,1463,127,386,789,1221,92,No,32,0.88,0.86,2,No,No,Yes,Yes,No
1818005,22,10.0,0,0,0,0,2,4,5,6,2,No,0,0.84,0.86,0,Yes,No,No,Yes,No
2817820,17,2.0,0,0,0,0,0,0,0,0,0,No,0,1.0,0.99,0,Yes,No,No,Yes,No
2218546,0,12.0,0,0,0,0,0,0,0,0,0,No,0,-99.0,-99.0,0,No,No,No,Yes,No
1779504,48,8.0,0,0,0,0,0,0,7,12,2,No,0,0.96,0.96,0,No,No,No,Yes,No
2084552,233,,0,0,0,0,7,32,82,104,0,No,0,-99.0,-99.0,0,Yes,No,Yes,Yes,No
2058447,4,,0,0,0,0,10,21,21,21,1,No,0,-99.0,-99.0,0,No,No,No,Yes,No
1544130,17,8.0,0,0,3,10,4,5,14,24,0,No,0,0.82,0.88,0,No,No,No,Yes,No
2007634,2,6.0,0,0,0,1,0,0,1,2,2,No,0,1.0,0.99,0,No,No,No,Yes,No
1160978,117,2.0,0,0,0,0,0,1,13,16,0,No,0,0.66,0.32,0,Yes,No,Yes,Yes,No
1171465,0,12.0,0,783,1289,1887,0,0,0,0,172,No,0,0.82,0.79,0,No,No,No,Yes,No
1367549,920,4.0,145,840,1440,1480,167,533,1145,1741,171,No,0,0.98,0.99,0,Yes,No,No,No,No
2881961,8,2.0,0,0,0,0,0,0,2,2,0,No,0,0.82,0.81,0,No,No,No,Yes,No
1295210,3,12.0,0,0,2,3,1,1,3,5,0,No,0,0.77,0.68,0,No,No,No,Yes,No
1552035,6,12.0,0,2,9,17,5,13,21,38,0,No,0,0.98,0.98,0,No,No,No,Yes,No
1658147,5,2.0,0,5,5,5,0,0,0,0,1,No,0,0.96,0.96,0,Yes,No,No,Yes,No
2136738,12,2.0,0,0,0,0,0,0,0,0,0,No,0,0.9,0.87,0,Yes,No,No,Yes,No
3105291,0,2.0,0,40,40,60,18,30,46,61,0,No,0,0.85,0.64,0,No,No,No,Yes,No
1288893,0,2.0,0,0,0,0,0,0,0,0,0,No,0,0.56,0.56,0,Yes,No,No,Yes,No
1485303,0,8.0,0,14,22,30,0,8,23,37,1,No,0,0.69,0.71,0,No,No,No,Yes,No
2106402,56,2.0,0,0,0,0,1,1,1,1,2,No,0,0.83,0.69,0,Yes,No,No,Yes,No
2164291,8,9.0,0,0,0,0,0,0,1,1,4,No,0,0.54,0.47,0,No,No,No,Yes,No
1522194,54,8.0,0,0,0,0,2,5,11,21,1,No,0,0.41,0.44,0,No,No,No,Yes,No
1174333,15,9.0,0,0,0,0,0,0,0,0,1,No,0,0.34,0.41,0,No,No,No,Yes,No
1356829,453,2.0,104,972,1944,2898,286,888,1767,2733,229,No,0,0.98,0.99,0,No,No,No,Yes,No
2819822,74,2.0,0,0,0,0,8,21,37,70,10,No,0,0.94,0.94,0,No,No,Yes,Yes,No
1523527,3,9.0,0,0,0,0,0,0,0,0,1,No,0,0.43,0.45,0,No,No,No,Yes,No
1718006,6,4.0,0,0,0,0,0,0,0,0,0,No,0,0.68,0.66,0,Yes,No,No,Yes,No
1867598,5,8.0,0,0,0,0,0,0,0,0,0,No,0,1.0,0.99,0,No,No,Yes,Yes,No
2012554,112,8.0,0,220,220,220,0,0,0,0,0,No,0,0.83,0.91,0,No,No,No,Yes,No
2864761,2,12.0,0,0,0,0,0,0,0,1,0,No,0,0.73,0.79,0,No,No,No,Yes,No
2073487,43,8.0,0,0,0,0,0,2,4,22,0,No,0,0.56,0.46,0,No,No,No,Yes,No
2110592,362,6.0,0,0,0,0,0,1,2,5,2,No,0,0.74,0.71,0,No,No,Yes,Yes,No
1825447,0,2.0,0,0,0,0,0,0,0,0,0,No,0,0.96,0.96,0,No,No,No,Yes,No
1993526,3,8.0,5,71,101,131,9,42,74,117,31,No,5,0.58,0.57,0,No,No,No,Yes,No
2282675,467,,0,0,0,0,0,0,0,0,0,No,0,-99.0,-99.0,0,Yes,No,Yes,Yes,No
2205561,34,8.0,0,19,38,57,12,20,49,83,9,No,0,0.93,0.87,0,No,No,No,Yes,No
1380445,1,9.0,0,1,2,3,0,1,2,2,1,No,0,0.68,0.66,0,No,No,No,Yes,No
1630986,452,2.0,157,782,1840,3082,262,953,2163,3050,229,No,0,1.0,1.0,0,No,No,No,Yes,No
1209769,73,8.0,0,0,0,0,3,7,14,24,2,No,0,1.0,0.99,0,No,No,No,Yes,No
2990154,8,4.0,0,0,0,0,0,0,0,0,0,No,0,0.73,0.78,0,No,No,No,Yes,No
1941180,1508,8.0,5273,3420,9360,13140,1262,5442,11027,13835,1346,No,0,0.99,0.99,0,No,No,No,Yes,No
3200183,1,10.0,0,0,0,0,0,0,0,0,0,No,0,0.7,0.73,0,No,No,No,Yes,No
1707841,201,2.0,0,200,500,600,75,227,445,664,76,No,0,0.93,0.96,0,No,No,No,Yes,No
1936221,-8,2.0,0,66,66,66,8,10,10,10,4,No,0,0.27,0.39,8,Yes,No,No,Yes,No
1445632,4940,52.0,0,0,0,0,1,6,16,21,0,No,0,0.95,0.86,0,Yes,No,No,No,No
1356988,96,4.0,19,45,90,117,6,36,96,153,34,No,0,0.73,0.78,0,No,No,No,Yes,No
2860923,62,4.0,0,0,0,0,1,1,2,4,1,No,0,0.97,0.97,0,No,No,No,Yes,No
1552128,13,2.0,0,0,0,0,0,0,0,0,0,No,0,0.84,0.77,0,Yes,No,No,Yes,No
1178127,2,,0,0,0,0,0,0,0,0,1,No,0,-99.0,-99.0,0,Yes,No,Yes,Yes,No
3251818,243,8.0,0,0,0,0,0,0,0,0,0,No,0,0.88,0.91,0,No,No,No,Yes,No
1463120,42,8.0,0,200,301,401,35,115,254,427,42,No,0,0.05,0.12,0,No,No,Yes,Yes,No
2310073,5,2.0,0,0,0,0,0,0,0,0,0,No,0,0.54,0.56,0,Yes,No,No,Yes,No
1526573,8577,2.0,0,0,0,0,15,704,834,2012,40,No,0,1.0,0.93,0,No,No,No,Yes,No
2053014,216,8.0,133,205,250,419,59,203,371,566,65,No,0,0.96,0.97,0,No,No,No,Yes,No
1721338,33,2.0,0,0,0,14,5,13,18,19,1,No,0,1.0,0.86,0,Yes,No,No,Yes,No
3066106,8,,0,0,0,0,1,1,1,3,3,No,0,-99.0,-99.0,0,Yes,No,No,Yes,No
1555099,10,2.0,0,0,0,0,0,0,0,0,0,No,0,1.0,0.75,0,No,No,No,Yes,No
3270964,17,0.0,0,0,0,0,3,4,7,10,8,No,0,-99.0,0.0,0,No,No,No,Yes,No
1688388,3,8.0,11,15,30,30,3,9,15,27,6,No,0,1.0,0.97,0,Yes,No,No,No,No
1811181,3,2.0,1,4,8,16,1,6,13,26,1,No,0,0.98,0.96,0,No,No,No,Yes,No
2876123,29,2.0,0,0,3,15,2,4,20,25,0,No,0,0.84,0.82,0,No,No,No,Yes,No
1959560,72,8.0,30,60,120,180,41,112,187,263,25,No,0,0.96,0.98,0,No,No,No,Yes,No
3139259,488,2.0,0,0,0,0,0,200,241,348,0,No,0,0.99,0.99,0,No,No,No,Yes,No
1772631,6,2.0,0,0,0,0,0,0,0,0,0,No,0,0.99,0.96,0,Yes,No,No,Yes,No
1758875,881,2.0,28,0,0,0,71,170,307,464,60,No,0,0.84,0.82,0,No,No,No,Yes,No
1865997,11,8.0,0,0,0,0,0,2,2,3,0,No,0,0.5,0.4,0,No,No,No,Yes,No
3153494,11,4.0,0,0,0,0,0,0,0,0,0,No,0,0.73,0.78,0,No,No,No,Yes,No
1643995,71,8.0,0,0,0,0,1,1,1,1,0,No,0,0.78,0.49,0,No,No,No,Yes,No
3241590,235,12.0,87,144,288,432,90,235,459,723,80,No,0,0.99,0.99,0,No,No,No,Yes,No
1326650,0,8.0,0,15,25,35,10,15,15,15,2,No,0,1.0,0.94,0,No,No,No,Yes,No
1449745,6,8.0,0,3,6,9,1,3,7,12,0,No,0,0.99,0.99,0,No,No,No,Yes,No
1383436,89,2.0,40,115,242,326,61,141,260,403,49,No,0,0.86,0.88,0,No,No,No,Yes,No
2842822,930,12.0,202,544,1032,1642,193,639,1542,2418,208,No,0,0.77,0.73,0,No,No,No,Yes,No
1719936,0,2.0,0,11,11,11,0,0,0,0,0,No,0,0.1,0.17,0,Yes,No,No,Yes,No
1721946,1,9.0,0,3,3,4,17,18,19,19,0,No,0,0.86,0.84,0,No,No,No,Yes,No
3088552,130,9.0,0,109,190,298,74,156,472,573,34,No,0,0.7,0.66,0,No,No,No,Yes,No
1414874,4,9.0,0,0,0,0,0,0,0,0,0,No,0,0.68,0.66,0,No,No,No,Yes,No
1906037,8,2.0,0,0,0,0,0,0,0,0,0,No,0,0.92,0.92,0,Yes,No,No,Yes,No
2154320,29,2.0,0,0,0,15,0,1,27,30,0,No,0,0.55,0.58,0,Yes,No,No,Yes,No
1496092,14,,0,0,0,0,0,0,0,0,0,No,0,-99.0,-99.0,0,Yes,No,No,Yes,No
1557558,1146,8.0,0,0,0,0,10,24,46,78,0,No,0,0.42,0.36,0,No,No,No,Yes,No
3046108,15,8.0,0,0,0,0,0,0,2,2,0,No,0,0.79,0.79,0,No,No,No,Yes,No
1758170,9,8.0,0,59,95,131,6,19,34,57,0,No,0,0.98,0.97,0,No,No,No,Yes,No
3200876,13,12.0,0,0,0,0,0,0,0,0,1,No,0,0.48,0.48,0,Yes,No,No,Yes,No
1218665,20,12.0,20,0,0,0,0,0,0,0,1,No,0,0.63,0.63,0,Yes,No,No,Yes,No
1961991,0,0.0,0,14,14,14,0,1,5,7,1,No,0,0.0,0.0,0,No,No,Yes,No,No
2914101,25,8.0,2,0,0,0,3,13,36,57,0,No,0,1.0,0.97,0,No,No,No,Yes,No
1661486,8,2.0,0,0,0,0,0,0,0,0,0,No,0,1.0,0.99,0,Yes,No,No,Yes,No
1426312,8,8.0,0,0,0,1,0,2,2,2,0,No,0,0.91,0.93,0,Yes,No,Yes,Yes,No
1649438,12,2.0,0,0,24,24,3,8,13,21,0,No,0,1.0,1.0,0,No,No,No,Yes,No
2130388,7,14.0,0,0,4,4,1,5,6,9,3,No,0,1.0,0.97,0,No,No,No,Yes,No
2149599,12,2.0,0,0,0,0,0,0,0,0,0,No,0,1.0,0.97,0,Yes,No,No,Yes,No
2986482,-54,8.0,0,3000,4200,5400,585,1725,2779,4383,523,No,200,0.1,0.1,65,Yes,No,Yes,Yes,No
2118998,1076,8.0,9,0,0,0,37,161,287,439,88,No,0,1.0,0.98,0,No,No,No,Yes,No
1823711,0,2.0,0,10,10,10,0,1,2,2,1,No,0,0.16,0.5,0,Yes,No,No,Yes,No
3047319,344,12.0,0,0,0,0,1,16,49,63,16,No,0,0.68,0.57,0,No,No,No,Yes,No
1926878,71,0.0,0,0,0,0,0,0,14,34,3,No,0,0.0,0.0,0,No,No,No,Yes,No
1278275,-4,8.0,0,37,52,67,9,22,39,48,4,No,0,0.64,0.77,4,No,No,No,Yes,No
1936992,58,9.0,0,0,0,0,0,1,1,4,1,No,0,0.96,0.96,0,No,No,Yes,Yes,No
3096425,236,8.0,0,0,0,0,8,61,104,163,6,No,0,0.9,0.92,0,No,No,No,Yes,No
2219536,13,8.0,0,0,0,0,0,0,0,1,0,No,0,0.9,0.93,0,No,No,No,Yes,No
1292450,8,12.0,0,6,6,12,4,5,14,17,1,No,0,0.9,0.95,0,No,No,No,Yes,No
1688584,4,12.0,0,0,0,0,0,0,0,1,0,No,0,0.66,0.69,0,No,No,No,Yes,No
1391527,-2,12.0,6,471,741,1033,64,252,529,860,87,No,0,0.78,0.78,6,No,No,No,Yes,No
2151358,16,8.0,0,0,0,0,0,0,0,0,0,No,0,0.97,0.93,0,No,No,No,Yes,No
1155002,121,,0,0,0,0,0,1,3,3,0,No,0,-99.0,-99.0,0,Yes,No,No,Yes,No
3033374,9,2.0,0,0,0,0,0,0,1,1,1,No,0,0.54,0.61,0,Yes,No,No,Yes,No
2110135,1,8.0,0,0,0,0,0,0,0,0,0,No,0,0.82,0.89,0,No,No,No,Yes,No
2963029,65,8.0,9,100,100,100,16,52,84,111,28,No,0,0.98,0.99,0,No,No,No,Yes,No
1899779,2,12.0,0,0,0,0,0,0,0,1,0,No,0,0.74,0.74,0,No,No,No,Yes,No
1396949,4985,52.0,0,0,0,0,0,0,0,0,0,No,0,0.95,0.86,0,Yes,No,No,No,No
2300984,58,2.0,0,100,160,220,18,72,137,220,30,No,0,0.9,0.91,0,No,No,No,Yes,No
1671701,86,8.0,0,0,0,0,0,0,1,2,0,No,0,0.95,0.94,0,Yes,No,No,Yes,No
1422630,0,,0,0,0,0,2,8,12,18,3,No,0,-99.0,-99.0,0,No,No,No,No,No
2066953,50,9.0,0,10,30,40,0,10,43,65,0,No,0,0.86,0.84,0,No,No,No,Yes,No
3234228,12,8.0,3,35,70,112,10,29,71,98,0,No,0,1.0,1.0,0,No,No,No,Yes,No
3254991,7,12.0,0,0,0,0,0,0,0,0,0,No,0,0.73,0.79,0,Yes,No,No,Yes,No
3224341,499,52.0,0,0,0,0,7,19,26,43,4,No,0,1.0,0.97,0,Yes,No,No,No,No
1640966,103,52.0,0,0,0,0,0,0,1,1,2,No,0,0.96,0.92,0,Yes,No,No,Yes,No
1284742,9,8.0,0,0,0,0,0,2,5,13,4,No,0,0.93,0.89,0,No,No,No,Yes,No
1535861,10,8.0,0,0,0,0,0,0,0,0,0,No,0,1.0,0.92,0,No,No,No,Yes,No
1118120,0,12.0,0,1040,1280,1640,111,443,1035,1717,150,No,0,0.77,0.78,20,No,No,No,Yes,No
1867359,-8,8.0,0,9,9,9,20,20,20,20,1,No,0,0.42,0.36,8,No,No,No,Yes,No
3235481,12,2.0,0,0,0,0,0,0,0,0,0,No,0,0.83,0.83,0,No,No,No,Yes,No
3015609,6,8.0,0,0,0,0,0,1,1,5,1,No,0,0.84,0.87,0,Yes,No,No,Yes,No
2925294,0,12.0,0,6,8,11,0,1,6,9,0,No,0,0.98,0.98,0,No,No,No,Yes,No
1543852,4,8.0,1,3,6,10,2,3,8,13,0,No,0,0.99,0.95,0,No,No,No,Yes,No
2956502,409,8.0,15,347,623,899,128,370,804,1250,106,No,0,0.93,0.97,0,No,No,No,Yes,No
2814778,0,8.0,0,10,20,20,3,9,11,17,1,No,0,1.0,0.88,0,No,No,Yes,Yes,No
1875781,4,2.0,0,0,0,0,0,0,0,1,0,No,0,0.85,0.89,0,No,No,Yes,Yes,No
1229432,532,2.0,0,0,0,0,0,0,0,0,1,No,0,0.0,0.0,0,No,No,No,Yes,No
1508111,76,9.0,33,155,252,364,64,151,256,378,25,No,0,0.9,0.82,3,No,No,No,Yes,No
2035038,12,12.0,0,0,0,0,0,0,0,0,1,No,0,0.58,0.58,0,Yes,No,No,Yes,No
1782007,0,9.0,0,2,3,4,1,2,2,3,1,No,0,0.68,0.66,0,No,No,No,Yes,No
1559658,11,8.0,0,24,56,92,11,28,67,97,0,No,0,0.96,0.96,0,No,No,No,Yes,No
3099876,33,8.0,0,0,24,48,1,6,22,44,2,No,0,1.0,0.99,0,No,No,No,Yes,No
2935735,5,12.0,0,0,0,0,0,0,0,0,0,No,0,0.73,0.79,0,No,No,No,Yes,No
3132919,92,5.0,0,0,0,0,3,16,26,37,0,No,0,0.86,0.75,0,No,No,No,Yes,No
2241993,11,2.0,9,36,78,108,18,36,60,84,4,No,0,0.96,0.86,0,No,No,Yes,Yes,No
1901214,32,,0,0,0,0,2,3,4,7,3,No,0,-99.0,-99.0,0,No,No,No,No,No
1594538,923,8.0,0,0,0,0,46,176,340,595,97,No,0,0.97,0.96,0,No,No,No,Yes,No
1736812,3,8.0,0,0,0,0,0,0,2,3,2,No,0,0.95,0.97,0,No,No,No,Yes,No
2940462,15,12.0,16,540,784,1108,116,360,599,885,63,No,0,0.66,0.67,3,No,No,No,Yes,No
2294257,2,12.0,0,0,0,0,1,1,1,1,2,No,0,0.73,0.76,0,No,No,No,Yes,No
1694554,0,8.0,0,2,2,2,0,1,1,1,0,No,0,0.0,0.0,0,No,No,No,Yes,No
1668096,10,8.0,0,0,0,0,0,0,0,0,0,No,0,0.66,0.69,0,No,No,No,Yes,No
1866749,147,12.0,19,197,389,533,65,242,446,623,51,No,0,0.69,0.69,0,No,No,No,Yes,No
1719215,6,8.0,0,0,0,0,0,0,0,0,0,No,0,0.95,0.89,0,No,No,No,Yes,No
3278396,141,8.0,181,90,180,270,44,115,189,286,40,No,0,0.99,0.99,0,No,No,No,Yes,No
1588377,0,2.0,0,4,4,4,0,0,0,0,0,No,0,0.62,0.62,0,No,No,No,Yes,No
2082658,29,4.0,5,30,38,70,0,0,0,0,0,No,0,0.94,0.97,0,No,No,No,Yes,No
2314116,12,2.0,30,0,0,0,14,18,18,18,3,No,0,0.99,0.98,0,Yes,No,No,Yes,No
3080521,14,2.0,0,0,0,0,0,0,0,0,0,No,0,0.83,0.86,0,No,No,No,Yes,No
3197463,2,2.0,0,2,3,5,0,1,3,4,0,No,0,0.97,0.96,0,No,No,No,Yes,No
2302643,0,14.0,0,47,47,47,0,0,0,0,2,No,0,1.0,0.99,0,Yes,No,Yes,Yes,No
1614556,488,2.0,0,0,0,0,33,202,342,358,0,No,0,1.0,1.0,0,No,No,No,Yes,No
1620448,12,4.0,0,0,0,0,0,1,2,4,0,No,0,0.73,0.78,0,No,No,No,Yes,No
1578056,3,8.0,1,24,36,50,8,20,38,61,10,No,2,0.23,0.43,0,No,No,No,Yes,No
1414924,160,2.0,0,0,0,0,0,0,11,12,1,No,0,0.66,0.69,0,No,No,No,Yes,No
2303140,9,2.0,0,12,24,48,7,19,29,35,0,No,0,0.99,0.98,0,No,No,No,Yes,No
1613051,10,4.0,0,0,0,0,0,0,0,0,0,No,0,0.73,0.78,0,No,No,No,Yes,No
1392458,14,8.0,0,0,0,0,0,0,0,0,2,No,0,0.51,0.53,0,Yes,No,Yes,Yes,No
1895170,8,,0,0,0,0,2,4,15,19,2,No,0,-99.0,-99.0,0,No,No,No,No,No
1791424,104,8.0,65,249,509,773,69,240,426,626,54,No,0,0.79,0.66,1,No,No,No,Yes,No
2062396,5,12.0,0,0,0,0,0,0,0,0,0,No,0,0.78,0.78,0,No,No,No,Yes,No
1194287,0,8.0,0,17,24,31,1,203,212,217,0,No,0,0.94,0.96,0,No,No,No,Yes,No
1519159,34,,0,0,0,0,0,0,0,0,1,No,0,-99.0,-99.0,0,No,No,Yes,Yes,No
2215156,0,8.0,0,0,0,0,0,0,0,0,0,No,0,0.98,0.99,0,Yes,No,No,Yes,No
1898028,52,2.0,0,0,0,0,3,7,40,44,0,No,0,0.99,0.97,0,No,No,No,Yes,No
1368931,13,8.0,0,92,200,353,18,101,246,347,0,No,0,0.55,0.35,0,No,No,Yes,Yes,No
1862507,12,8.0,0,25,50,50,6,17,28,41,3,No,0,0.99,0.96,0,No,No,No,Yes,No
2849035,7,2.0,0,28,48,72,9,27,58,90,2,No,2,0.53,0.55,0,No,No,No,Yes,No
1584341,29,2.0,38,95,209,323,30,95,160,222,46,No,0,0.99,0.99,0,No,No,No,Yes,No
1639455,50,12.0,1,48,104,156,11,59,117,189,32,No,0,0.98,0.98,0,No,No,No,Yes,No
2127541,32,9.0,0,0,0,0,0,0,0,2,0,No,0,0.85,0.82,0,No,No,Yes,Yes,No
1768734,79,8.0,0,0,0,0,0,0,0,1,0,No,0,0.92,0.96,0,No,No,No,Yes,No
1619268,1067,8.0,55,263,263,418,280,853,1750,2874,106,No,0,0.0,0.0,0,No,No,No,Yes,No
1506029,6,2.0,0,8,16,24,2,8,15,28,0,No,0,0.99,0.94,0,No,No,No,Yes,No
3226728,6,2.0,0,0,0,0,0,0,0,1,0,No,0,0.82,0.81,0,No,No,No,Yes,No
2239488,68,8.0,15,147,235,323,40,131,219,320,43,No,0,0.94,0.97,0,No,No,No,Yes,No
1649238,741,52.0,0,0,0,0,10,26,133,169,22,No,0,1.0,0.99,0,Yes,No,No,No,No
1742257,0,2.0,0,2107,3061,3493,6,766,766,767,662,No,0,0.98,0.99,6,No,No,No,No,No
1241135,4,8.0,0,4,10,10,0,3,11,15,0,No,0,0.75,0.74,0,No,No,No,Yes,No
2140223,2,9.0,0,0,0,0,0,0,0,0,0,No,0,0.7,0.66,0,No,No,No,Yes,No
1314099,8,2.0,0,0,0,0,0,0,1,1,0,No,0,0.79,0.91,0,No,No,No,Yes,No
1830937,0,12.0,0,5,7,10,3,5,8,11,1,No,0,0.86,0.88,0,No,No,No,Yes,No
1385730,5,12.0,0,0,8,8,0,2,5,9,0,No,0,0.44,0.38,0,No,No,No,Yes,No
1112855,124,4.0,0,0,0,0,0,0,0,2,0,No,0,0.97,0.91,0,No,No,Yes,Yes,No
1418130,34,52.0,0,0,0,0,0,0,0,1,0,No,0,0.71,0.71,0,Yes,No,No,Yes,No
1516976,15,9.0,6,0,0,0,29,30,30,30,4,No,0,0.86,0.84,0,No,No,No,Yes,No
1672278,242,2.0,3,68,434,687,23,134,626,804,93,No,0,0.98,0.98,0,No,No,No,Yes,No
1506047,3269,8.0,72,0,3248,3248,563,1916,3788,5976,494,No,0,0.98,0.92,0,No,No,No,Yes,No
1961811,11,8.0,0,31,31,31,0,0,1,3,0,No,0,0.51,0.53,0,Yes,No,No,Yes,No
3272685,129,12.0,0,0,0,0,0,0,3,3,2,No,0,1.0,1.0,0,No,No,Yes,Yes,No
2189270,2,9.0,0,0,0,0,0,0,0,0,0,No,0,0.7,0.66,0,No,No,No,Yes,No
1548759,2,2.0,0,2,2,2,0,0,0,0,0,No,0,0.37,0.38,0,Yes,No,Yes,Yes,No
2944578,4,8.0,0,0,0,0,0,0,0,0,1,No,0,0.37,0.34,0,No,No,No,Yes,No
1564393,13,12.0,0,0,0,0,0,0,0,0,1,No,0,0.58,0.58,0,Yes,No,No,Yes,No
1561128,5,8.0,0,0,0,0,0,0,2,3,0,No,0,0.8,0.82,0,No,No,No,Yes,No
1835484,7,9.0,0,0,3,3,0,3,6,11,0,No,0,0.99,0.98,0,No,No,Yes,Yes,No
1133470,0,9.0,0,2,2,2,0,0,1,2,0,No,0,0.86,0.69,0,No,No,No,Yes,No
2071016,29,8.0,0,0,0,0,0,2,2,4,1,No,0,0.77,0.87,0,No,No,No,Yes,No
2275924,0,8.0,0,0,0,0,0,0,0,3,0,No,0,0.0,0.0,0,No,No,No,Yes,No
1240199,0,2.0,0,250,450,690,0,0,0,0,2,No,0,0.66,0.53,0,Yes,No,No,Yes,No
1867243,1005,8.0,10,1200,2000,2800,260,872,2080,3161,359,No,0,1.0,1.0,0,No,No,No,Yes,No
3138888,24,8.0,0,0,0,0,0,0,3,5,0,No,0,0.99,0.95,0,No,No,No,Yes,No
1280777,245,2.0,0,0,42,42,4,21,40,41,15,No,0,1.0,0.98,0,No,No,No,Yes,No
3026573,3,2.0,0,0,2,4,0,1,2,2,0,No,0,0.79,0.61,0,No,No,No,Yes,No
1332705,16,8.0,0,0,0,0,0,0,0,0,2,No,0,1.0,0.98,0,No,No,No,Yes,No
1623227,0,9.0,0,14,22,30,3,7,12,18,2,No,1,0.68,0.66,0,No,No,No,Yes,No
3282563,89,8.0,0,0,0,0,0,0,0,11,0,No,0,0.97,0.97,0,No,No,Yes,Yes,No
2155304,15,4.0,0,0,0,0,0,0,0,0,0,No,0,0.89,0.9,0,Yes,No,Yes,Yes,No
1593669,11,2.0,0,0,0,0,0,0,0,0,0,No,0,0.0,0.5,0,Yes,No,No,Yes,No
1357998,1247,12.0,0,0,0,0,28,46,69,72,28,No,0,0.89,0.78,0,No,No,No,Yes,No
1159698,2,12.0,0,0,0,0,0,0,0,1,0,No,0,0.99,0.99,0,No,No,No,Yes,No
1488761,5,12.0,0,5,12,15,3,5,9,13,1,No,0,0.98,0.61,0,No,No,No,Yes,No
3086863,22,9.0,0,0,0,0,0,0,10,18,0,No,0,0.94,0.83,0,No,No,No,Yes,No
1433060,141,2.0,0,0,0,0,0,2,2,4,1,No,0,0.32,0.27,0,No,No,No,Yes,No
3269776,13,12.0,0,0,0,0,0,0,0,0,1,No,0,0.48,0.48,0,Yes,No,No,Yes,No
3094627,24,8.0,0,0,0,0,0,0,5,7,2,No,0,0.94,0.95,0,Yes,No,No,Yes,No
2235055,1,8.0,0,0,0,0,0,0,1,1,2,No,0,0.98,0.97,0,No,No,No,Yes,No
1662634,10,8.0,0,0,0,0,1,1,4,14,0,No,0,0.91,0.93,0,No,No,No,Yes,No
3129601,23,8.0,9,9,24,36,5,39,58,80,7,No,0,0.35,0.52,0,No,No,No,Yes,No
2990281,29,8.0,0,0,0,0,3,8,19,28,4,No,0,0.74,0.71,0,No,No,No,Yes,No
2265856,2,14.0,0,0,2,3,1,2,3,5,2,No,0,0.65,0.69,0,No,No,No,Yes,No
1526363,25,4.0,0,23,43,55,10,20,33,58,0,No,0,0.73,0.78,0,No,No,No,Yes,No
1394602,2451,8.0,0,0,0,0,0,2,4,6,4,No,0,0.71,0.49,0,No,No,Yes,Yes,No
1877827,76,8.0,0,0,0,64,2,11,64,94,22,No,0,0.99,0.97,0,No,No,No,Yes,No
1719132,80,,0,0,0,0,0,0,0,1,0,No,0,-99.0,-99.0,0,Yes,No,No,Yes,No
2887229,10,12.0,0,0,0,0,0,0,0,0,1,No,0,0.48,0.48,0,Yes,No,No,Yes,No
3254987,22,8.0,0,0,0,0,0,1,1,4,1,No,0,1.0,0.97,0,No,No,No,Yes,No
2192282,10,8.0,0,0,0,0,0,0,0,0,0,No,0,1.0,0.91,0,No,No,Yes,Yes,No
3017413,1,8.0,0,1,1,2,1,1,1,2,0,No,0,0.79,0.66,0,No,No,No,Yes,No
2160216,8,12.0,0,0,0,0,0,0,0,0,0,No,0,0.99,0.99,0,No,No,No,Yes,No
1841511,24,8.0,0,0,0,0,0,0,1,1,0,No,0,0.07,0.24,0,No,No,Yes,Yes,No
1460284,9,14.0,0,0,0,0,0,0,0,0,2,No,0,0.99,0.99,0,No,No,No,Yes,No
1292603,39,,0,0,0,0,0,0,1,5,0,No,0,-99.0,-99.0,0,Yes,No,Yes,No,No
1843380,7,8.0,0,50,50,50,0,0,0,0,0,No,0,0.51,0.53,0,Yes,No,No,Yes,No
1814278,14,15.0,0,123,123,153,31,73,108,153,40,No,0,0.93,0.92,2,No,No,No,Yes,No
1822858,8,8.0,0,0,0,0,0,0,0,0,0,No,0,0.67,0.69,0,No,No,No,Yes,No
1460526,281,9.0,0,0,0,0,5,22,46,84,14,No,0,0.96,0.95,0,No,No,No,Yes,No
1481121,62,8.0,0,0,0,0,1,14,29,52,1,No,0,0.68,0.82,0,No,No,No,Yes,No
1539146,2,8.0,0,0,0,0,0,0,0,0,0,No,0,0.99,0.98,0,No,No,No,Yes,No
1898168,3338,4.0,0,0,0,0,293,860,1692,2489,227,No,0,0.93,0.94,0,No,No,No,Yes,No
3283731,32,2.0,0,25,25,25,0,0,0,0,0,No,0,0.97,0.95,0,Yes,No,No,Yes,No
1344664,1,8.0,0,0,0,0,0,0,0,0,0,No,0,0.46,0.35,0,No,No,No,Yes,No
1274700,803,2.0,0,0,0,0,0,0,0,0,1,No,0,1.0,1.0,0,No,No,No,Yes,No
2107233,2551,8.0,0,0,1000,3000,211,944,2281,3580,366,No,0,0.96,0.81,0,No,No,No,Yes,No
2139506,9,12.0,0,0,0,0,0,1,1,1,0,No,0,0.73,0.76,0,No,No,No,Yes,No
1215149,5,8.0,0,0,25,25,0,2,5,5,0,No,0,0.83,0.88,0,No,No,No,Yes,No
1618026,8399,8.0,2,0,0,0,114,401,2515,7639,255,No,0,0.71,0.69,0,No,No,No,Yes,No
2306972,43,52.0,0,0,0,0,0,4,7,12,2,No,0,0.93,0.9,0,Yes,No,No,Yes,No
1903250,0,12.0,0,14,18,23,1,8,13,13,3,No,0,0.63,0.72,0,No,No,No,Yes,No
1845853,131,8.0,0,0,0,0,0,4,6,10,1,No,0,0.99,0.99,0,No,No,No,Yes,No
2018360,0,8.0,0,0,0,0,0,0,0,0,0,No,0,0.98,0.92,0,No,No,No,Yes,No
1924202,2,12.0,0,0,0,0,0,0,0,0,0,No,0,0.63,0.72,0,Yes,No,No,Yes,No
1201691,1567,4.0,485,850,1888,2407,348,1072,2145,3332,205,No,0,0.77,0.8,0,No,No,Yes,Yes,No
2982931,87,8.0,0,22,93,148,17,53,139,242,54,No,0,0.15,0.1,0,No,No,No,Yes,No
1122983,9,8.0,0,0,0,0,1,2,5,7,0,No,0,0.95,0.95,0,No,No,No,Yes,No
1161574,23,6.0,0,53,53,58,8,33,68,130,26,No,0,0.06,0.09,0,No,No,No,Yes,No
2878375,13,17.0,0,0,0,0,0,1,4,8,2,No,0,1.0,1.0,0,Yes,No,Yes,Yes,No
1936895,4885,8.0,0,0,0,0,0,0,6,6,0,No,0,0.59,0.78,0,No,No,No,Yes,No
3130368,8,8.0,6,37,69,109,7,26,56,86,7,Yes,1,0.75,0.72,0,No,No,Yes,Yes,No
2235228,15,4.0,0,0,0,0,0,0,4,8,0,No,0,0.73,0.78,0,Yes,No,Yes,Yes,No
1516548,250,8.0,0,0,0,0,1,4,6,6,0,No,0,0.95,0.94,0,No,No,No,Yes,No
3177732,7,9.0,4,17,17,27,3,9,26,40,0,No,7,0.7,0.66,0,No,No,No,Yes,No
1978221,9,4.0,0,6,12,16,6,10,15,25,1,No,0,0.73,0.78,0,No,No,Yes,Yes,No
1663070,2,4.0,0,0,0,0,0,0,0,0,0,No,0,0.68,0.66,0,Yes,No,No,Yes,No
3092226,12,2.0,0,14,28,42,6,10,23,32,0,No,0,0.89,0.91,0,No,No,No,Yes,No
1188752,6,8.0,0,15,23,31,7,18,35,53,3,No,0,1.0,0.99,0,No,No,No,Yes,No
1780745,14,8.0,0,14,28,42,6,13,22,36,2,No,0,0.95,0.96,0,No,No,No,Yes,No
3002191,16,9.0,0,0,0,0,0,0,0,0,0,No,0,0.99,0.99,0,No,No,No,Yes,No
1272584,87,8.0,0,0,0,0,0,0,0,1,2,No,0,-99.0,-99.0,0,No,No,No,Yes,No
2289808,80,4.0,20,0,0,10,20,50,125,155,0,No,0,0.73,0.78,0,No,No,No,Yes,No
1926644,2,8.0,0,20,20,20,0,0,0,0,0,No,0,0.51,0.53,0,Yes,No,No,Yes,No
2028782,2,8.0,0,0,0,0,0,0,0,1,0,No,0,0.97,0.94,0,Yes,No,No,Yes,No
3252099,0,8.0,0,27,35,47,7,8,18,18,8,No,1,0.83,0.86,0,No,No,No,Yes,No
1293391,0,8.0,0,12,24,30,6,13,23,37,0,No,0,0.79,0.66,0,No,No,No,Yes,No
1716746,163,8.0,3,0,0,0,11,35,69,106,23,No,0,0.9,0.94,0,No,No,No,Yes,No
1910274,4,8.0,0,0,0,0,0,0,0,0,0,No,0,0.59,0.61,0,No,No,No,Yes,No
1302449,0,4.0,0,0,0,0,0,0,0,0,0,No,0,0.77,0.8,0,No,No,No,Yes,No
2233564,1016,12.0,150,400,1000,1600,205,724,1332,2317,265,No,0,0.74,0.71,0,No,No,No,Yes,No
1538798,0,8.0,0,1,1,1,0,0,0,0,1,No,0,0.42,0.36,0,No,No,No,Yes,No
1878996,46,,0,0,0,0,5,31,65,97,15,No,0,-99.0,-99.0,0,No,No,No,No,No
3057319,10,,0,0,0,0,5,15,33,54,0,No,0,-99.0,-99.0,0,Yes,No,No,Yes,No
3135050,1,8.0,1,0,1,3,0,1,2,3,2,No,0,0.98,0.97,0,No,No,No,Yes,No
1369194,5,9.0,0,0,0,0,0,0,0,0,0,No,0,0.87,0.72,0,No,No,No,Yes,No
2144288,34,12.0,0,0,0,8,3,6,14,36,0,No,0,0.73,0.69,0,No,No,No,Yes,No
1167063,8,8.0,0,6,12,14,5,14,20,25,0,No,0,0.84,0.9,0,No,No,No,Yes,No
2023220,8,8.0,0,0,4,8,0,5,9,10,1,No,0,0.98,0.99,0,No,No,No,Yes,No
1440835,1,2.0,0,1,1,1,1,1,1,1,0,No,0,0.74,0.73,0,Yes,No,No,Yes,No
1985609,45,8.0,0,0,0,0,0,0,1,1,1,No,0,0.83,0.71,0,Yes,No,No,Yes,No
1193056,13,2.0,0,0,0,0,0,0,0,1,0,No,0,0.96,0.91,0,No,No,No,Yes,No
2185648,11,8.0,0,0,0,0,0,0,1,4,0,No,0,0.85,0.59,0,No,No,No,Yes,No
1463079,114,2.0,7,96,192,312,43,106,225,309,74,No,0,0.99,0.98,0,No,No,No,Yes,No
3190445,13,12.0,0,0,0,0,0,0,0,0,1,No,0,0.48,0.48,0,Yes,No,No,Yes,No
2209245,17,12.0,10,72,132,192,10,48,111,145,27,No,12,0.73,0.76,0,No,No,No,Yes,No
3214828,15,4.0,0,0,0,0,0,0,0,0,0,No,0,0.73,0.78,0,No,No,No,Yes,No
1792505,17,8.0,1,5,15,30,1,11,32,45,9,No,0,0.8,0.86,0,No,No,No,Yes,No
1843326,1,8.0,0,0,0,0,0,0,0,0,0,No,0,0.8,0.83,0,No,No,No,Yes,No
1340640,326,52.0,0,0,0,0,8,25,46,79,24,No,0,0.79,0.66,0,Yes,No,No,Yes,No
1460549,8,8.0,0,0,0,1,1,2,3,7,0,No,0,0.32,0.27,0,No,No,No,Yes,No
1439569,15,9.0,0,23,23,27,8,13,17,27,0,No,0,0.91,0.77,0,No,No,No,Yes,No
1967240,3,12.0,0,0,0,0,0,0,0,0,0,No,0,0.78,0.78,0,No,No,No,Yes,No
3181467,21,8.0,0,0,0,6,2,5,14,21,2,No,0,0.91,0.94,0,No,No,No,Yes,No
1835442,40,8.0,0,0,0,0,0,0,0,0,0,No,0,1.0,1.0,0,No,No,No,Yes,No
1225974,14,4.0,0,0,0,0,0,0,0,0,0,No,0,0.77,0.8,0,No,No,No,Yes,No
3038589,59,4.0,4,20,40,80,13,50,96,151,7,No,0,0.73,0.78,0,No,No,No,Yes,No
1658884,2,9.0,0,0,0,0,0,0,0,0,1,No,0,0.68,0.66,0,No,No,No,Yes,No
1977420,1,8.0,0,0,0,0,0,0,0,0,0,No,0,0.8,0.83,0,No,No,No,Yes,No
3249549,12,2.0,0,0,0,0,0,0,0,0,0,No,0,0.99,0.99,0,Yes,No,No,Yes,No
1271083,9,8.0,0,0,0,0,0,0,1,1,0,No,0,1.0,0.99,0,No,No,Yes,Yes,No
2061782,17,9.0,0,0,0,0,0,0,0,0,0,No,0,0.91,0.77,0,Yes,No,No,Yes,No
2014641,0,8.0,0,16,24,32,4,8,14,20,0,No,0,0.66,0.69,0,No,No,No,Yes,No
1979773,0,,0,0,0,0,0,0,0,0,0,No,0,-99.0,-99.0,0,No,No,No,Yes,No
3217949,24,8.0,0,32,77,112,9,70,117,131,28,No,0,0.84,0.86,0,No,No,No,Yes,No
1355758,1,8.0,5,1,5,9,1,2,9,11,0,No,0,0.57,0.44,0,No,No,No,Yes,No
1468533,71,8.0,0,0,0,0,0,0,0,0,1,No,0,0.98,0.83,0,No,No,No,Yes,No
1801414,3074,,3,0,0,0,13,34,93,151,23,No,0,-99.0,-99.0,0,Yes,No,No,Yes,No
1585316,24,8.0,23,163,302,436,52,153,297,409,34,No,0,0.68,0.69,0,No,No,No,Yes,No
1785775,2,2.0,0,15,30,45,5,13,24,24,0,No,0,0.97,0.98,0,No,No,No,Yes,No
2845890,4875,52.0,0,0,0,0,0,51,61,61,0,No,0,0.94,0.87,0,Yes,No,No,No,No
1554557,0,4.0,0,9,12,12,0,0,0,0,0,No,0,0.79,0.66,0,Yes,No,Yes,Yes,No
1449107,25,4.0,0,0,0,0,0,0,0,0,0,No,0,0.73,0.78,0,No,No,No,Yes,No
1506733,30,8.0,0,0,0,30,2,7,42,46,3,No,0,0.9,0.7,0,No,No,No,Yes,No
2158209,1,8.0,0,2,2,2,0,0,1,2,0,No,0,0.0,0.0,0,No,No,No,Yes,No
1398631,319,8.0,0,0,0,0,0,0,3,5,2,No,0,0.8,0.9,0,Yes,No,No,Yes,No
2957205,12,4.0,4,0,0,2,0,3,9,14,0,No,0,0.73,0.78,0,No,No,No,Yes,No
1737397,2213,8.0,0,0,0,0,1,6,39,48,0,No,0,0.97,0.96,0,No,No,No,Yes,No
2313538,7,8.0,0,3,11,18,3,6,13,22,0,No,0,0.96,0.95,0,No,No,No,Yes,No
1615356,5,8.0,0,6,12,24,9,20,34,44,0,No,0,0.79,0.66,0,No,No,No,Yes,No
2128259,27,12.0,0,0,0,0,0,1,1,7,2,No,0,0.77,0.73,0,Yes,No,No,Yes,No
1510865,1593,8.0,0,400,400,400,0,0,0,0,0,No,0,0.92,0.94,0,No,No,No,Yes,No
2999756,77,4.0,1,24,36,36,4,18,61,88,3,No,0,0.73,0.78,0,No,No,No,Yes,No
2014162,13,12.0,13,0,0,0,0,0,0,0,1,No,0,0.58,0.58,0,Yes,No,No,Yes,No
1205289,62,9.0,23,46,100,136,4,51,68,114,0,No,0,0.85,0.83,0,No,No,No,Yes,No
1470010,10,12.0,0,0,0,0,0,0,0,0,1,No,0,0.58,0.58,0,Yes,No,No,Yes,No
1158689,4975,2.0,0,0,0,0,0,0,0,5,1,No,0,0.64,0.8,0,No,No,No,Yes,No
1306272,27,12.0,0,25,63,82,0,0,0,0,0,No,0,1.0,1.0,0,No,No,No,Yes,No
2958217,347,8.0,0,0,0,0,1,14,50,81,0,No,0,0.51,0.61,0,No,No,No,Yes,No
3057259,179,8.0,0,30,30,30,0,0,0,0,0,No,0,0.96,0.98,0,No,No,No,Yes,No
1402899,0,8.0,0,4,8,8,4,8,11,17,0,No,0,0.66,0.69,0,No,No,No,Yes,No
1141646,20,8.0,0,0,0,0,0,0,1,3,0,No,0,0.59,0.8,0,No,No,No,Yes,No
2055941,6,9.0,0,0,0,0,0,0,0,1,0,No,0,0.91,0.77,0,Yes,No,No,Yes,No
2175620,9,,0,0,0,0,0,0,0,0,0,No,0,-99.0,-99.0,0,No,No,No,Yes,No
2988050,3,9.0,0,0,0,0,0,0,0,0,0,No,0,0.7,0.66,0,No,No,Yes,Yes,No
1251522,133,8.0,0,0,0,0,0,0,0,0,0,No,0,0.71,0.71,0,No,No,Yes,Yes,No
1920545,2,2.0,0,10,10,10,2,4,4,4,0,No,0,0.99,0.98,0,No,No,No,Yes,No
1561898,3,2.0,0,6,11,16,2,3,9,19,1,No,0,0.99,0.99,0,No,No,No,Yes,No
2830744,5,12.0,0,8,8,8,0,0,0,0,1,No,0,0.48,0.48,0,Yes,No,No,Yes,No
3148874,75,2.0,0,0,0,0,1,1,15,15,4,No,0,0.96,0.88,0,Yes,No,No,Yes,No
3078626,10,2.0,0,12,12,24,1,4,13,20,0,No,0,0.93,0.87,0,No,No,No,Yes,No
3106788,212,8.0,14,0,0,0,20,40,86,141,30,No,0,0.98,0.96,0,No,No,No,Yes,No
1418474,0,9.0,0,5,7,7,0,0,0,0,0,No,0,0.68,0.66,0,Yes,No,No,Yes,No
2272941,28612,9.0,0,0,0,0,0,0,0,0,0,No,0,0.98,0.89,0,No,No,Yes,Yes,No
3154388,82,8.0,0,36,96,144,15,46,114,169,17,No,0,0.76,0.84,0,No,No,No,Yes,No
1580455,747,8.0,0,72,432,528,24,510,511,511,14,No,0,0.98,0.96,0,No,No,Yes,Yes,No
3223431,312,8.0,28,505,763,1021,140,374,701,1092,139,No,0,0.78,0.8,0,No,No,Yes,Yes,No
1429017,5,2.0,0,6,18,30,3,10,16,19,0,No,0,0.94,0.89,0,No,No,No,Yes,No
1498629,2,8.0,0,13,23,33,2,9,12,21,0,No,0,1.0,0.99,0,No,No,No,Yes,No
1946095,12,12.0,0,0,0,0,0,0,0,0,1,No,0,0.58,0.58,0,Yes,No,No,Yes,No
3002194,7,8.0,0,0,0,0,0,0,0,0,0,No,0,0.81,0.75,0,No,No,No,Yes,No
1854237,28,9.0,0,0,0,0,0,0,1,7,1,No,0,0.68,0.66,0,No,No,No,Yes,No
1254799,3,8.0,0,0,0,0,0,0,0,0,0,No,0,0.99,0.98,0,No,No,No,Yes,No
1770942,0,8.0,0,6,6,6,0,1,4,9,0,No,0,0.17,0.33,0,No,No,No,Yes,No
3246653,3,12.0,0,0,0,0,0,0,0,0,0,No,0,0.57,0.68,0,No,No,No,Yes,No
2169453,271,,0,0,0,0,1,11,28,46,2,No,0,-99.0,-99.0,0,Yes,No,No,Yes,No
3140614,-8,8.0,0,772,1147,1522,62,234,373,481,88,No,0,0.0,0.0,9,No,No,No,Yes,No
3003220,25,52.0,0,0,0,0,0,0,1,1,0,No,0,1.0,0.98,0,Yes,No,Yes,Yes,No
1928242,16,2.0,0,0,0,0,0,0,0,0,0,No,0,0.76,0.78,0,Yes,No,No,Yes,No
1321052,11,2.0,0,0,0,0,0,0,1,2,1,No,0,1.0,0.99,0,No,No,No,Yes,No
3137786,2,8.0,0,0,0,0,0,0,0,0,2,No,0,0.54,0.71,0,No,No,No,Yes,No
3233063,152,8.0,23,489,784,1145,41,104,172,321,51,No,0,0.98,0.98,0,No,No,No,Yes,No
1749106,20,8.0,0,0,0,0,0,0,0,0,2,No,0,0.99,0.99,0,No,No,Yes,Yes,No
2193806,47,2.0,23,50,127,215,20,78,187,244,23,No,0,0.97,0.95,0,No,No,No,Yes,No
3158650,3,2.0,0,0,0,0,0,0,0,4,0,No,0,0.78,0.75,0,No,No,No,Yes,No
2215356,298,8.0,0,0,0,0,0,0,0,2,0,No,0,0.83,0.85,0,No,No,No,Yes,No
2028399,6,4.0,0,0,2,5,0,1,4,5,0,No,0,0.84,0.86,0,No,No,No,Yes,No
1572348,41,8.0,0,0,0,0,0,0,0,0,0,No,0,0.83,0.91,0,No,No,No,Yes,No
1154996,0,8.0,0,3,4,5,0,2,2,3,0,No,0,0.82,0.78,0,No,No,No,Yes,No
3119236,26,9.0,0,0,0,0,0,1,1,2,0,No,0,0.93,0.89,0,No,No,No,Yes,No
1728268,483,8.0,2,225,675,1125,116,306,682,1057,120,No,0,0.93,0.92,0,No,No,No,Yes,No
2161555,8,4.0,5,0,10,15,2,11,20,25,0,No,0,0.73,0.78,0,No,No,No,Yes,No
2851442,4311,4.0,95,0,4550,4550,535,1547,3540,5051,425,No,0,0.98,0.96,0,No,No,No,Yes,No
2249114,30,8.0,0,0,0,0,1,4,12,17,1,No,0,0.41,0.46,0,No,No,No,Yes,No
1545978,476,,161,0,0,0,3,12,24,61,280,No,0,-99.0,-99.0,0,No,No,Yes,No,No
3024008,10,2.0,0,0,0,0,0,0,0,0,0,No,0,1.0,0.52,0,Yes,No,No,Yes,No
1246365,8,2.0,0,8,12,12,1,3,3,3,1,No,0,0.93,0.92,0,No,No,Yes,Yes,No
2806808,10,2.0,0,0,0,0,0,1,2,2,0,No,0,0.87,0.82,0,No,No,No,Yes,No
3261127,326,8.0,5,201,397,446,81,249,457,778,97,No,0,0.9,0.92,0,No,No,No,Yes,No
1826394,180,8.0,89,1100,1650,2200,182,598,1244,1969,217,No,0,0.21,0.4,0,No,No,No,Yes,No
2181453,-2,,0,12,12,12,0,0,1,1,0,No,0,-99.0,-99.0,2,No,No,No,Yes,No
1310553,200,8.0,0,0,0,0,1,8,8,9,0,No,0,0.94,0.86,0,No,No,No,Yes,No
2311274,296,8.0,42,379,709,1105,160,486,992,1531,169,No,0,1.0,0.93,0,No,No,No,Yes,No
3118980,1,8.0,0,0,0,0,0,0,0,0,0,No,0,0.66,0.64,0,No,No,No,Yes,No
1975030,495,2.0,0,0,0,0,0,0,0,5,0,No,0,0.59,0.78,0,No,No,No,Yes,No
1966226,0,,0,0,0,0,0,0,0,0,0,No,0,-99.0,-99.0,0,Yes,No,No,Yes,No
3141107,4,4.0,0,0,0,0,0,0,0,0,1,No,0,0.89,0.9,0,Yes,No,No,Yes,No
2829986,4,9.0,0,0,0,0,0,0,0,3,0,No,0,0.94,0.83,0,Yes,No,No,Yes,No
3075707,2,2.0,0,0,1,1,0,0,1,3,0,No,0,0.99,0.98,0,No,No,No,Yes,No
1898123,1,4.0,0,1,2,3,0,1,2,2,0,No,0,0.96,0.85,0,No,No,No,Yes,No
2848367,2,8.0,0,0,1,1,0,0,2,2,0,No,0,0.79,0.66,0,No,No,No,Yes,No
2038028,0,2.0,0,2,2,2,0,0,0,0,1,No,0,0.1,0.13,0,No,No,Yes,Yes,No
1225140,3,8.0,0,0,0,0,0,0,0,0,0,No,0,0.99,0.94,0,Yes,No,No,Yes,No
3210902,76,8.0,0,5,15,30,1,10,19,34,12,No,0,0.7,0.71,0,No,No,No,Yes,No
2279231,12,8.0,0,0,0,0,0,0,0,0,0,No,0,0.82,0.81,0,No,No,No,Yes,No
1806997,20,12.0,1,0,0,0,0,0,0,0,1,No,0,0.58,0.58,0,Yes,No,No,Yes,No
1615999,3,4.0,0,0,0,0,0,0,0,0,0,No,0,0.43,0.45,0,Yes,No,No,Yes,No
1675571,171,8.0,0,74,158,179,31,106,287,497,55,No,0,0.96,0.85,0,No,No,No,Yes,No
1299549,1,8.0,0,0,0,0,0,0,0,0,1,No,0,0.84,0.78,0,Yes,No,No,Yes,No
2151266,99,8.0,2,14,14,35,11,35,82,124,19,No,0,0.96,0.91,0,No,No,No,Yes,No
3222276,1,8.0,0,0,0,0,0,0,0,0,0,No,0,0.82,0.81,0,No,No,No,Yes,No
2943228,8,,0,0,0,0,0,0,0,0,1,No,0,-99.0,-99.0,0,No,No,No,Yes,No
1428817,3,2.0,0,20,30,40,5,8,17,31,0,No,0,0.98,0.95,0,No,No,Yes,Yes,No
1477016,0,2.0,0,2,2,2,0,0,0,0,0,No,0,0.78,0.78,0,Yes,No,Yes,Yes,No
1636051,1284,8.0,361,2650,5250,7750,773,2733,5625,8579,762,No,0,0.99,0.99,0,No,No,No,Yes,No
1975983,9,2.0,0,0,8,16,2,7,17,24,1,No,0,1.0,0.99,0,No,No,No,Yes,No
1619740,8,2.0,10,50,80,130,16,48,48,48,0,No,0,0.99,0.95,0,No,No,No,Yes,No
1201205,10,8.0,5,81,121,151,3,39,78,130,34,No,0,0.59,0.59,0,No,No,No,Yes,No
1402987,10,2.0,0,10,20,20,1,7,15,47,0,No,0,0.98,0.99,0,No,No,No,Yes,No
1605914,5,8.0,0,0,0,0,0,0,0,0,0,No,0,0.79,0.78,0,No,No,No,Yes,No
1302244,3134,8.0,707,3840,5760,9600,991,3031,6040,9393,2062,No,0,0.98,0.98,0,No,No,No,Yes,No
2077560,26,8.0,0,0,0,0,0,0,0,0,1,No,0,0.53,0.54,0,No,No,Yes,Yes,No
1659374,14,8.0,0,0,0,0,0,0,0,0,2,No,0,0.96,0.97,0,No,No,No,Yes,No
1184632,1915,8.0,284,3000,6000,7500,961,2675,5321,8056,539,No,0,0.98,0.98,4,No,No,No,Yes,No
1306012,11,2.0,0,0,0,0,0,0,0,1,0,No,0,1.0,0.92,0,No,No,No,Yes,No
2306340,6,2.0,0,0,0,0,0,0,0,0,0,No,0,0.54,0.56,0,Yes,No,No,Yes,No
1665652,30,12.0,0,10,10,10,0,0,0,0,1,No,0,0.58,0.58,0,Yes,No,No,Yes,No
2803723,7,9.0,0,0,0,0,0,0,0,0,0,No,0,0.94,0.83,0,Yes,No,No,Yes,No
2247547,176,8.0,83,217,469,685,90,265,500,760,124,No,0,0.97,0.97,0,No,No,No,Yes,No
1559618,0,8.0,0,0,0,0,0,0,0,0,0,No,0,0.97,0.94,0,No,No,No,Yes,No
1769341,106,8.0,0,0,0,0,5,18,42,67,4,No,0,0.84,0.86,0,No,No,No,Yes,No
2931142,539,8.0,5,0,0,0,7,34,92,151,22,No,0,0.98,0.97,0,No,No,No,Yes,No
3052723,30,4.0,0,0,0,0,20,50,80,100,0,No,0,0.73,0.78,0,No,No,No,Yes,No
1304555,25,2.0,0,10,30,30,8,21,41,62,2,No,0,0.93,0.95,0,No,No,No,Yes,No
3029269,201,8.0,130,340,709,1116,130,428,1003,1396,80,No,0,0.95,0.96,0,No,No,No,Yes,No
1586205,113,2.0,0,0,0,0,1,2,2,2,2,No,0,0.62,0.68,0,Yes,No,No,Yes,No
1565922,0,,0,0,0,0,0,0,0,0,0,No,0,-99.0,-99.0,0,No,No,No,Yes,No
2153281,4,2.0,0,0,0,0,0,0,0,1,0,No,0,0.37,0.36,0,No,No,No,Yes,No
1924536,2,9.0,0,0,0,0,0,0,0,0,0,No,0,0.68,0.66,0,No,No,No,Yes,No
1850366,0,3.0,0,6,6,6,0,0,0,0,0,No,0,0.92,0.96,0,No,No,No,Yes,No
2300441,6,9.0,0,0,0,0,0,0,0,0,0,No,0,0.99,0.98,0,No,No,No,Yes,No
1890156,123,8.0,0,160,260,400,72,195,323,579,40,No,0,0.96,0.96,0,No,No,No,Yes,No
1321877,98,15.0,0,0,0,0,31,77,122,228,16,No,0,0.88,0.94,0,Yes,No,No,Yes,No
3248991,3145,8.0,0,0,0,1000,0,0,0,0,0,No,0,0.95,0.95,0,No,No,No,Yes,No
2925061,13,12.0,0,0,0,0,0,0,0,0,1,No,0,0.48,0.48,0,Yes,No,No,Yes,No
1790644,0,2.0,0,20,22,22,0,0,0,0,0,No,0,0.78,0.74,0,Yes,No,No,Yes,No
1120959,102,2.0,0,0,48,96,16,41,96,147,9,No,0,0.99,0.98,0,Yes,No,No,Yes,No
1703959,10,2.0,6,21,49,69,4,15,29,58,7,No,0,0.91,0.85,0,No,No,No,Yes,No
1418016,70,2.0,3,40,88,167,11,57,153,233,22,No,0,0.8,0.87,0,No,No,No,Yes,No
2987886,28,8.0,0,0,10,30,2,5,7,11,0,No,0,0.41,0.46,0,No,No,No,Yes,No
1176826,7,8.0,0,0,5,10,0,1,8,13,0,No,0,0.82,0.87,0,No,No,No,Yes,No
1584352,14,9.0,0,12,30,42,4,14,40,64,0,No,0,0.87,0.72,0,No,No,No,Yes,No
1193091,29,8.0,0,0,0,0,0,0,0,1,0,No,0,0.75,0.74,0,No,No,No,Yes,No
1430726,8135,14.0,35,0,0,0,137,437,762,1188,177,No,0,0.91,0.93,0,No,No,No,Yes,No
1633236,4,0.0,2,280,340,340,12,25,53,73,3,No,0,0.0,0.0,0,No,No,No,Yes,No
2018429,107,9.0,17,56,140,203,32,101,195,284,46,No,0,0.99,0.98,0,No,No,No,Yes,No
2923467,1,2.0,0,1,2,3,1,1,1,2,1,No,0,0.9,0.93,0,No,No,No,Yes,No
2847564,3,4.0,0,0,2,2,0,0,0,0,0,No,0,0.73,0.78,0,No,No,No,Yes,No
1145159,187,8.0,0,0,0,0,2,9,27,52,9,No,0,0.99,0.98,0,No,No,No,Yes,No
2881082,42,2.0,46,125,250,375,41,100,163,205,0,No,0,0.99,0.99,0,No,No,No,Yes,No
1288791,0,8.0,0,0,0,0,0,0,0,0,0,No,0,0.99,0.96,0,No,No,No,Yes,No
1617668,7,4.0,0,5,10,10,2,4,7,11,0,No,0,0.86,0.89,0,No,No,No,Yes,No
2983425,0,9.0,0,47,50,59,12,28,40,63,3,No,3,0.35,0.41,0,No,No,No,Yes,No
3070433,7,8.0,0,0,4,8,0,3,8,11,4,No,0,1.0,0.98,0,No,No,No,Yes,No
2211925,2186,,0,0,0,0,22,87,181,393,30,No,0,-99.0,-99.0,0,Yes,No,Yes,Yes,No
3075839,88,2.0,22,125,221,317,30,79,140,192,45,No,0,0.21,0.36,0,No,No,No,Yes,No
1348595,16,2.0,0,0,8,16,2,8,13,25,0,No,0,-99.0,-99.0,0,No,No,No,Yes,No
2079315,1603,2.0,24,0,0,0,46,142,232,329,45,No,0,0.94,0.97,0,No,No,No,Yes,No
2940793,4,12.0,0,0,0,0,0,0,0,0,0,No,0,0.73,0.79,0,No,No,No,Yes,No
1657816,0,2.0,0,11,20,21,0,0,0,0,0,No,0,0.8,0.82,0,No,No,Yes,Yes,No
1450523,47,8.0,0,0,0,0,0,0,2,2,2,No,0,0.98,0.99,0,No,No,No,Yes,No
3009415,6,2.0,0,8,16,24,2,8,13,16,1,No,0,1.0,0.9,0,No,No,No,Yes,No
2054722,15,12.0,1,0,0,0,2,3,8,12,0,No,0,1.0,1.0,0,No,No,No,Yes,No
3000081,46,8.0,0,143,143,143,4,15,33,58,5,No,0,0.5,0.52,0,Yes,No,No,No,No
1173592,3,,0,0,0,0,0,0,0,0,0,No,0,-99.0,-99.0,0,Yes,No,Yes,Yes,No
2042682,7,2.0,0,0,0,0,2,4,9,12,0,No,0,0.37,0.29,0,No,No,No,Yes,No
3207928,4,4.0,0,0,1,3,0,1,4,6,0,No,0,0.54,0.48,0,No,No,No,Yes,No
1365797,2,12.0,0,0,0,0,0,0,0,0,0,No,0,0.63,0.72,0,No,No,No,Yes,No
1780359,6,8.0,0,0,0,0,0,0,2,2,0,No,0,0.84,0.92,0,Yes,No,No,Yes,No
2867402,30,12.0,0,0,0,0,0,0,0,1,1,No,0,0.92,0.9,0,Yes,No,Yes,Yes,No
1405214,10,2.0,0,8,24,32,11,41,60,73,0,No,0,0.0,0.0,0,No,No,No,Yes,No
1532219,1,8.0,0,8,8,12,4,6,11,21,0,No,0,0.4,0.32,0,No,No,No,Yes,No
1655655,1,8.0,1,1,2,3,0,1,2,2,0,No,0,0.8,0.82,0,No,No,No,Yes,No
2100752,5,2.0,0,41,52,63,2,5,7,13,0,No,0,-99.0,0.0,0,No,No,No,Yes,No
1513134,14,12.0,0,13,21,32,5,15,25,39,0,No,0,0.74,0.74,0,No,No,No,Yes,No
3038960,16,4.0,0,0,0,0,1,6,9,13,0,No,0,0.79,0.66,0,No,No,No,Yes,No
3191380,13,12.0,0,0,0,0,0,0,0,0,1,No,0,0.48,0.48,0,Yes,No,No,Yes,No
1977736,0,8.0,0,25,50,50,4,15,26,39,0,No,0,0.99,0.99,0,No,No,No,Yes,No
3043745,0,8.0,0,2,3,4,3,3,5,5,0,No,0,0.79,0.87,0,No,No,No,Yes,No
3026438,7,2.0,0,0,0,0,0,1,3,3,0,No,0,0.78,0.75,0,Yes,No,No,Yes,No
2257660,70,4.0,0,0,0,0,0,1,2,3,0,No,0,0.73,0.78,0,No,No,No,Yes,No
2125124,6,4.0,0,69,93,117,19,32,47,49,5,No,0,0.22,0.14,0,Yes,No,No,Yes,No
1342889,194,8.0,37,510,510,510,44,171,357,574,101,No,0,0.98,0.97,0,No,No,No,Yes,No
1509709,79,2.0,0,0,0,0,0,3,6,6,0,No,0,1.0,0.99,0,Yes,No,Yes,Yes,No
1114109,0,8.0,0,49,49,49,0,0,0,0,0,No,0,0.77,0.78,0,Yes,No,No,Yes,No
1788552,5,8.0,0,8,20,30,1,10,32,43,4,No,0,0.85,0.68,0,No,No,Yes,Yes,No
3034476,30,2.0,30,55,135,225,27,51,58,59,7,No,0,0.91,0.95,0,No,No,No,Yes,No
3279623,2,12.0,0,0,0,0,0,0,0,0,0,No,0,0.73,0.79,0,No,No,No,Yes,No
3057238,46,52.0,0,0,0,0,0,0,2,2,0,No,0,0.94,0.95,0,Yes,No,No,No,No
2176088,279,8.0,0,0,0,0,1,2,3,4,0,No,0,1.0,0.99,0,Yes,No,Yes,Yes,No
1222260,9,8.0,0,0,0,4,4,7,17,30,0,No,0,0.82,0.78,0,No,No,No,Yes,No
1496672,0,8.0,0,0,0,0,2,2,3,3,2,No,0,0.48,0.57,0,Yes,No,Yes,Yes,No
1648498,1,8.0,0,0,0,1,0,0,1,1,1,No,0,0.98,0.97,0,No,No,No,Yes,No
1446991,0,2.0,0,8,28,28,0,0,0,0,0,No,0,0.83,0.7,0,Yes,No,No,Yes,No
1531442,17,2.0,0,46,71,96,20,51,78,102,0,No,0,0.99,0.98,0,No,No,No,Yes,No
2175067,29,8.0,0,6,12,54,0,0,0,0,0,No,0,1.0,0.83,0,No,No,No,Yes,No
1133126,13,12.0,0,0,0,0,0,0,0,0,1,No,0,0.63,0.63,0,Yes,No,No,Yes,No
2248904,0,8.0,0,13,21,28,6,21,31,41,17,No,0,0.37,0.36,0,No,No,No,Yes,No
2224490,48,2.0,6,69,125,181,21,58,111,162,23,No,0,0.71,0.78,0,No,No,No,Yes,No
3040491,1339,16.0,35,0,0,1713,683,2398,2977,3200,694,No,0,1.0,1.0,0,No,No,No,Yes,No
2239957,8,8.0,0,0,0,0,0,0,0,0,0,No,0,0.95,0.98,0,No,No,No,Yes,No
1199436,3,8.0,0,0,0,0,0,0,0,0,1,No,0,0.81,0.83,0,No,No,No,Yes,No
2001843,7,8.0,0,0,4,10,1,4,10,17,2,No,0,0.98,0.99,0,No,No,No,Yes,No
3201526,2,12.0,0,0,0,0,0,0,1,1,0,No,0,0.73,0.79,0,Yes,No,No,Yes,No
1440818,3,2.0,0,11,17,25,8,16,23,29,0,No,0,0.82,0.75,0,No,No,Yes,Yes,No
2819004,95,8.0,0,39,39,39,0,0,0,0,0,No,0,0.59,0.71,0,No,No,No,Yes,No
2116247,12,12.0,3,0,0,0,0,0,0,0,1,No,0,0.48,0.48,0,Yes,No,No,Yes,No
2124197,11,2.0,0,0,0,0,0,0,0,6,0,No,0,1.0,1.0,0,Yes,No,No,Yes,No
1566984,75,2.0,20,60,120,199,17,65,146,210,27,No,0,1.0,0.96,0,No,No,No,Yes,No
2215553,18,52.0,0,0,0,0,1,1,2,2,0,No,0,0.82,0.83,0,No,No,No,Yes,No
1977373,4,8.0,26,26,52,52,4,16,33,52,0,No,0,0.61,0.49,0,No,No,No,Yes,No
2905947,0,2.0,0,0,0,0,0,0,0,0,0,No,0,0.99,0.99,0,No,No,No,Yes,No
1584281,1,3.0,0,0,0,0,0,0,0,0,1,No,0,0.94,0.97,0,No,No,No,Yes,No
1744516,-4,2.0,0,15,15,15,19,32,33,33,0,No,0,0.24,0.28,0,Yes,No,No,Yes,No
2966634,1143,12.0,0,0,0,0,0,3,25,139,43,No,0,-99.0,-99.0,0,No,No,Yes,No,No
2939938,442,8.0,0,263,653,978,103,354,767,1154,118,No,0,0.73,0.76,0,No,No,No,Yes,No
1575228,15,2.0,0,5,5,5,0,0,0,0,0,No,0,0.87,0.8,0,Yes,No,No,Yes,No
1790380,0,8.0,0,0,0,0,0,0,0,0,0,No,0,0.88,0.92,0,No,No,No,Yes,No
1236064,0,8.0,0,0,0,0,0,0,0,0,0,No,0,0.99,0.98,0,No,No,No,Yes,No
1839573,11,8.0,0,0,0,0,0,1,11,21,0,No,0,0.96,0.97,0,No,No,No,Yes,No
1253147,21,8.0,5,20,65,110,6,18,41,59,0,No,0,0.78,0.82,0,No,No,No,Yes,No
1370905,38,8.0,0,0,0,0,0,0,0,0,1,No,0,0.99,0.97,0,No,No,No,Yes,No
1762331,131,8.0,50,0,0,0,3,28,117,194,0,No,0,0.88,0.9,0,No,No,No,Yes,No
2892855,20,8.0,0,0,0,0,0,0,0,0,0,No,0,0.98,0.97,0,No,No,No,Yes,No
1541372,22,12.0,0,0,0,0,0,0,0,0,1,No,0,0.58,0.58,0,Yes,No,No,Yes,No
1507630,2,4.0,1,1,2,3,0,2,3,4,0,No,0,0.73,0.78,0,No,No,No,Yes,No
2223938,14,4.0,0,0,0,0,2,2,6,8,0,No,0,0.73,0.78,0,No,No,No,Yes,No
1144749,1,10.0,0,0,0,0,0,0,0,0,0,No,0,0.89,0.9,0,No,No,Yes,Yes,No
2239376,3,9.0,0,0,0,0,0,0,0,1,1,No,0,0.7,0.66,0,No,No,No,Yes,No
3168986,5,12.0,0,0,0,0,0,0,0,0,0,No,0,0.77,0.73,0,No,No,No,Yes,No
1651472,73,2.0,0,0,0,0,3,8,18,24,0,No,0,0.78,0.83,0,No,No,No,Yes,No
1872042,7,8.0,0,0,4,8,2,5,11,19,0,No,0,0.95,0.95,0,No,No,Yes,Yes,No
1255016,0,2.0,0,4,7,8,0,0,0,0,0,No,0,0.82,0.79,0,No,No,No,Yes,No
1769908,10,12.0,0,6,6,11,0,2,11,16,0,No,0,0.74,0.74,0,No,No,No,Yes,No
2140870,0,4.0,0,0,0,0,0,0,0,0,0,No,0,0.73,0.78,0,No,No,No,Yes,No
2943850,78,,0,0,0,0,0,1,4,6,1,No,0,-99.0,-99.0,0,Yes,No,No,Yes,No
1596689,14,8.0,0,20,20,36,6,10,14,28,9,No,0,0.99,0.99,0,No,No,Yes,Yes,No
3074290,81,8.0,0,0,0,0,3,14,28,34,2,No,0,0.74,0.81,0,Yes,No,No,Yes,No
1925102,1,8.0,0,30,45,45,2,12,29,44,0,No,0,0.29,0.29,0,No,No,Yes,Yes,No
3216259,41,4.0,10,298,533,768,53,274,416,500,32,No,36,0.57,0.59,0,No,No,No,Yes,No
2915342,7,8.0,0,0,6,9,1,4,14,20,0,No,0,0.87,0.91,0,No,No,No,Yes,No
2056003,15,15.0,0,0,0,0,0,2,5,7,5,No,0,1.0,1.0,0,No,No,No,Yes,No
1703263,567,8.0,0,0,0,0,17,70,145,235,35,No,0,1.0,0.99,0,No,No,No,Yes,No
3270085,2,2.0,0,0,0,0,0,0,0,0,0,No,0,0.84,0.82,0,No,No,No,Yes,No
3198195,345,52.0,0,0,0,0,0,0,0,0,0,No,0,0.67,0.42,0,Yes,No,Yes,No,No
1726327,0,8.0,0,0,28,28,0,0,0,0,0,No,0,0.79,0.78,0,No,No,No,Yes,No
3056818,161,8.0,0,0,0,0,3,24,56,92,16,No,0,0.95,0.95,0,No,No,No,Yes,No
1510498,3,10.0,0,0,1,3,0,1,1,4,0,No,0,0.89,0.9,0,No,No,No,Yes,No
3270920,12,8.0,0,0,0,0,1,1,1,4,0,No,0,0.79,0.87,0,No,No,No,Yes,No
3017181,8,8.0,0,10,10,20,1,3,11,14,1,No,0,0.82,0.9,0,No,No,No,Yes,No
3041711,94,8.0,0,0,34,68,15,36,67,127,34,No,0,0.99,0.97,0,No,No,Yes,Yes,No
1857289,2,8.0,0,0,0,0,0,0,1,1,0,No,0,0.8,0.82,0,No,No,No,Yes,No
1658727,311,0.0,250,250,500,750,0,0,0,0,0,No,0,0.0,0.0,0,No,No,No,No,No
1872922,18,8.0,0,0,0,0,2,5,10,20,5,No,0,0.96,0.96,0,Yes,No,No,Yes,No
3182498,108,8.0,0,0,0,0,1,1,2,3,0,No,0,0.73,0.82,0,No,No,No,Yes,No
1775620,343,8.0,33,473,743,923,118,352,666,1156,116,No,0,0.51,0.45,0,No,No,Yes,Yes,No
3096001,4,8.0,0,0,1,3,0,0,4,6,3,No,0,0.89,0.91,0,No,No,Yes,Yes,No
1677277,19,30.0,0,13,48,64,3,18,32,45,0,No,0,0.83,0.9,0,No,No,No,Yes,No
1850072,8,4.0,0,0,0,0,0,0,0,0,0,No,0,0.73,0.78,0,No,No,No,Yes,No
2879954,9,8.0,0,22,33,44,8,18,31,48,0,No,0,0.51,0.57,0,No,No,No,Yes,No
1477652,15,9.0,0,0,0,0,0,0,0,0,0,No,0,0.68,0.66,0,No,No,Yes,Yes,No
2249094,0,8.0,0,2,4,5,1,2,4,6,0,No,0,0.98,0.95,0,No,No,No,Yes,No
3150491,0,2.0,0,10,13,16,0,3,6,6,0,No,4,0.24,0.22,0,Yes,No,No,Yes,No
1170892,50,8.0,1,250,425,625,93,243,422,626,68,No,25,0.47,0.47,0,No,No,No,Yes,No
2048601,5,12.0,3,12,15,24,4,14,27,33,1,No,0,0.78,0.78,0,No,No,No,Yes,No
1519309,1,8.0,0,0,0,0,0,0,0,0,1,No,0,0.96,0.97,0,Yes,No,No,Yes,No
2807545,12,8.0,0,0,0,0,0,0,0,0,0,No,0,1.0,0.99,0,No,No,No,Yes,No
1932793,8,4.0,0,38,56,74,6,20,39,55,15,No,0,0.73,0.78,0,No,No,No,Yes,No
1406708,11,8.0,0,0,0,0,0,3,5,6,0,No,0,0.51,0.53,0,Yes,No,No,Yes,No
2075703,28,2.0,16,607,1019,1483,71,226,260,283,65,No,0,0.38,0.54,0,Yes,No,No,Yes,No
2832675,11,12.0,0,0,0,0,0,1,2,2,1,No,0,0.48,0.48,0,Yes,No,No,Yes,No
1936856,6,2.0,0,0,0,0,0,0,0,0,1,No,0,1.0,1.0,0,Yes,No,No,Yes,No
1625141,9,8.0,9,79,124,151,20,56,116,192,24,No,0,0.3,0.26,0,No,No,No,Yes,No
2073245,3,12.0,10,0,10,25,0,4,8,8,2,No,0,0.99,0.99,0,No,No,No,Yes,No
1120202,10,2.0,0,0,0,0,0,0,0,0,0,No,0,0.99,0.99,0,Yes,No,No,Yes,No
3123942,7,8.0,0,4,8,12,1,4,7,10,0,No,0,0.2,0.09,0,No,No,No,Yes,No
1980955,156,12.0,0,0,0,0,0,0,0,0,0,No,0,0.93,0.93,0,No,No,No,Yes,No
3009529,3,8.0,0,0,0,0,0,0,1,2,0,No,0,0.37,0.34,0,No,No,No,Yes,No
2107588,4,8.0,0,0,1,3,0,4,9,10,0,No,0,0.96,0.96,0,No,No,No,Yes,No
2135316,13,12.0,3,0,0,0,0,0,0,0,1,No,0,0.48,0.48,0,Yes,No,No,Yes,No
2193492,0,8.0,0,14,23,23,0,0,0,0,0,No,0,0.66,0.63,0,No,No,Yes,Yes,No
1181432,7,,0,0,0,0,0,0,0,0,1,No,0,-99.0,-99.0,0,No,No,No,No,No
1492758,0,2.0,0,0,0,0,0,0,0,0,1,No,0,-99.0,-99.0,0,No,No,Yes,Yes,No
2147774,99,8.0,0,0,0,0,0,0,0,0,0,No,0,0.93,0.87,0,No,No,No,Yes,No
3262402,27,8.0,0,0,0,0,5,14,19,29,0,No,0,1.0,0.98,0,No,No,No,Yes,No
1569119,8,10.0,0,0,0,0,0,0,0,0,0,No,0,0.89,0.9,0,No,No,No,Yes,No
1966383,139,8.0,230,572,1040,1724,143,702,1137,1459,183,No,0,0.45,0.45,22,Yes,No,No,Yes,No
1802253,453,2.0,262,840,1632,2448,247,802,1451,2144,239,No,0,0.83,0.9,0,No,No,No,Yes,No
3070253,5,2.0,40,0,40,80,16,65,106,144,0,No,0,0.91,0.94,0,Yes,No,No,Yes,No
2214506,180,4.0,0,0,0,0,0,0,0,0,0,No,0,0.73,0.78,0,No,No,No,Yes,No
1577614,5,8.0,0,0,0,0,1,2,2,4,1,No,0,0.99,0.99,0,No,No,No,Yes,No
1653738,15,3.0,0,12,24,48,7,24,51,62,0,No,0,0.89,0.9,0,No,No,No,Yes,No
2072376,17,4.0,0,0,7,14,5,14,14,23,5,No,0,0.79,0.66,0,No,No,No,Yes,No
2277405,3,12.0,0,0,0,0,0,0,0,0,0,No,0,0.57,0.7,0,No,No,No,Yes,No
2872672,0,8.0,0,0,0,0,2,5,10,13,4,No,0,0.96,0.95,0,Yes,No,No,Yes,No
1888130,144,8.0,31,0,66,132,13,47,135,205,20,No,0,1.0,0.98,0,No,No,No,Yes,No
1750042,19,8.0,0,0,0,0,0,0,5,6,0,No,0,0.97,0.98,0,No,No,No,Yes,No
2880844,5,9.0,0,0,0,0,0,0,0,1,0,No,0,0.99,0.99,0,No,No,No,Yes,No
1592861,156,52.0,0,0,0,0,0,0,0,0,0,No,0,1.0,0.77,0,Yes,No,No,Yes,No
2952447,70,2.0,50,0,0,0,0,10,30,59,0,No,0,1.0,0.85,0,No,No,No,Yes,No
1885594,418,2.0,10,100,300,400,49,159,390,587,85,No,0,0.96,0.96,0,No,No,No,Yes,No
1874487,45,4.0,0,0,0,0,0,5,5,5,0,No,0,0.73,0.78,0,No,No,No,Yes,No
2106543,0,2.0,0,6,26,26,0,0,0,0,1,No,0,0.95,0.97,0,No,No,No,Yes,No
3150301,11,4.0,0,0,0,0,0,0,0,5,1,No,0,0.91,0.84,0,No,No,No,Yes,No
2041229,27,4.0,0,0,0,0,0,0,0,0,0,No,0,0.95,0.97,0,No,No,No,Yes,No
3089023,173,16.0,18,9,9,98,39,137,256,348,46,No,0,0.83,0.83,0,No,No,No,Yes,No
2243447,20,8.0,0,0,20,30,3,17,38,56,0,No,0,0.87,0.89,0,No,No,No,Yes,No
1741629,905,12.0,0,0,0,0,3,17,39,59,4,No,0,0.33,0.57,0,No,No,No,Yes,No
1542942,4,8.0,0,6,12,18,5,17,24,29,2,No,0,0.57,0.74,0,No,No,No,Yes,No
1426206,3,8.0,0,8,12,16,0,2,8,12,0,No,0,0.8,0.82,0,No,No,No,Yes,No
1292497,3,8.0,0,0,0,1,1,2,5,5,1,No,0,0.6,0.54,0,No,No,Yes,Yes,No
1541643,1026,2.0,0,0,0,0,2,58,62,68,0,No,0,0.96,0.98,0,No,No,Yes,Yes,No
1192795,21,2.0,0,0,0,0,0,0,0,0,0,No,0,1.0,0.99,0,No,No,No,Yes,No
3251021,88,8.0,6,0,75,100,13,32,111,187,34,No,0,0.78,0.8,3,No,No,No,Yes,No
1625841,0,4.0,0,0,0,0,0,0,0,0,0,No,0,0.73,0.78,0,No,No,No,Yes,No
3275209,2,16.0,0,0,0,0,0,0,0,0,2,No,0,0.31,0.4,0,No,No,No,Yes,No
2050623,0,8.0,1,1,2,3,2,3,4,5,1,No,0,0.92,0.95,0,No,No,No,Yes,No
2020218,7,8.0,0,0,0,0,0,0,0,1,0,No,0,0.99,0.98,0,No,No,No,Yes,No
2096823,50,4.0,0,0,20,30,0,17,35,53,0,No,0,0.73,0.78,0,No,No,No,Yes,No
1702625,444,,0,0,0,0,2,4,4,6,0,No,0,-99.0,-99.0,0,Yes,No,Yes,Yes,No
1953310,400,2.0,0,0,0,0,0,0,0,0,0,No,0,0.0,0.55,0,Yes,No,No,Yes,No
1806749,1,12.0,0,0,0,0,1,1,1,2,0,No,0,0.74,0.74,0,No,No,No,Yes,No
1148566,1,8.0,0,1,1,2,0,1,1,1,0,No,0,0.78,0.82,0,No,No,No,Yes,No
2992618,69,3.0,23,133,239,341,43,139,216,312,36,No,0,1.0,1.0,0,No,No,No,Yes,No
1676645,0,2.0,0,233,313,313,0,0,0,0,16,No,0,0.44,0.62,0,No,No,No,Yes,No
1773199,6,8.0,3,71,103,134,25,61,95,138,20,No,0,0.99,0.86,0,No,No,No,Yes,No
3050863,16,,0,0,0,0,1,8,12,23,3,No,0,-99.0,-99.0,0,Yes,No,Yes,Yes,No
3084646,2,8.0,0,0,0,5,1,2,2,3,1,No,0,0.94,0.96,0,No,No,No,Yes,No
1279049,9,9.0,0,0,0,1,2,4,6,7,1,No,0,0.99,0.98,0,No,No,No,Yes,No
1827338,32,52.0,0,0,0,0,0,0,2,4,2,No,0,0.5,0.83,0,Yes,No,No,Yes,No
1683924,150,2.0,0,0,0,36,9,25,46,63,3,No,0,0.06,0.17,0,Yes,No,Yes,Yes,No
2276008,0,,0,0,38,53,0,90,90,92,0,No,0,-99.0,-99.0,0,Yes,No,No,Yes,No
1738243,37,8.0,0,200,280,340,29,89,170,281,39,No,40,1.0,0.88,0,No,No,No,Yes,No
1907012,2,8.0,0,0,0,0,1,1,1,4,0,No,0,0.5,0.75,0,Yes,No,No,Yes,No
3265464,3,2.0,0,6,9,12,8,10,13,16,0,No,0,0.87,0.82,0,No,No,No,Yes,No
3051670,50,12.0,0,0,0,0,0,0,0,0,1,No,0,0.48,0.48,0,Yes,No,No,Yes,No
3131201,3875,8.0,0,0,0,0,0,0,0,0,0,No,0,0.99,0.99,0,No,No,No,Yes,No
1975811,25,,0,0,0,0,0,0,0,0,0,No,0,-99.0,-99.0,0,Yes,No,No,Yes,No
3080579,0,4.0,3,3,3,3,0,0,0,0,1,No,0,0.22,0.15,0,Yes,No,No,Yes,No
1658758,0,8.0,0,212,212,212,0,5,10,15,0,No,0,0.51,0.53,0,Yes,No,No,Yes,No
1357337,9,4.0,0,0,0,0,0,1,1,1,0,No,0,0.73,0.78,0,No,No,No,Yes,No
1571790,5,4.0,0,0,0,0,0,0,1,1,0,No,0,0.73,0.78,0,No,No,No,Yes,No
2298704,0,4.0,5,4,4,4,0,0,0,0,0,No,0,0.73,0.78,0,Yes,No,No,Yes,No
1217094,0,8.0,0,17,26,35,1,8,24,37,1,No,0,0.66,0.72,0,No,No,No,Yes,No
1466494,4,8.0,0,0,0,0,0,1,1,3,0,No,0,0.9,0.94,0,No,No,No,Yes,No
2121697,-3,2.0,0,37,37,37,19,21,21,21,7,No,0,0.96,0.96,3,Yes,No,No,Yes,No
1794369,38,12.0,0,0,0,0,3,6,7,8,0,No,0,0.74,0.74,0,Yes,No,No,Yes,No
1670982,2,9.0,0,0,0,0,1,2,4,4,0,No,0,0.68,0.66,0,Yes,No,No,Yes,No
2993019,11,3.0,0,0,0,0,1,3,7,12,0,No,0,0.98,0.99,0,No,No,No,Yes,No
3094245,2,9.0,0,0,0,0,0,0,0,0,0,No,0,0.87,0.82,0,No,No,No,Yes,No
1835333,823,2.0,0,0,0,0,0,0,0,0,18,No,0,0.0,0.5,0,Yes,No,Yes,Yes,No
1828239,1,9.0,0,0,0,0,0,0,0,0,0,No,0,0.99,0.98,0,No,No,No,Yes,No
1680589,13,4.0,0,0,0,0,0,0,0,0,0,No,0,0.73,0.78,0,No,No,No,Yes,No
3214610,0,9.0,0,4,7,9,1,11,12,13,0,No,0,0.7,0.66,0,No,No,Yes,Yes,No
2311265,82,8.0,0,39,78,117,6,37,89,134,24,No,0,0.18,0.31,0,No,No,No,Yes,No
1925497,326,12.0,27,282,508,842,89,271,697,967,74,No,0,0.78,0.78,0,No,No,Yes,Yes,No
1752301,350,4.0,0,0,0,0,39,137,297,433,0,No,0,0.73,0.78,0,No,No,No,Yes,No
3175023,2,2.0,0,0,2,3,1,1,2,5,1,No,0,1.0,1.0,0,No,No,No,Yes,No
2032187,3,2.0,0,2,6,8,0,2,5,9,0,No,0,0.91,0.86,0,No,No,No,Yes,No
2149786,553,13.0,0,0,0,0,0,10,26,67,13,No,0,0.0,0.37,0,Yes,No,Yes,Yes,No
1386705,267,8.0,0,0,0,0,0,0,0,0,0,No,0,0.99,0.97,0,No,No,No,Yes,No
3149782,156,2.0,0,0,0,0,0,6,15,24,4,No,0,1.0,0.95,0,No,No,Yes,Yes,No
1889625,3,8.0,0,0,0,0,2,2,2,4,0,No,0,0.99,0.91,0,No,No,No,Yes,No
2181082,33,8.0,28,100,180,280,21,93,185,282,50,No,0,0.98,0.97,0,No,No,No,Yes,No
2147918,4,8.0,0,9,17,25,3,10,12,20,2,No,0,1.0,0.98,0,No,No,No,Yes,No
3193002,13,8.0,0,12,12,24,5,8,14,26,14,No,0,0.79,0.87,0,No,No,No,Yes,No
3173782,40,8.0,0,28,55,73,4,16,59,76,20,No,0,0.37,0.34,0,No,No,Yes,Yes,No
2834061,9,8.0,0,0,0,10,1,3,8,10,1,No,0,0.99,0.99,0,No,No,No,Yes,No
1913828,0,2.0,0,21,34,38,0,1,2,2,0,No,0,0.13,0.09,0,No,No,No,Yes,No
2094187,37,8.0,0,109,229,373,50,139,209,311,63,No,0,0.98,0.96,0,No,No,No,Yes,No
2022329,3,,0,4,8,10,4,6,7,9,1,No,0,-99.0,-99.0,0,No,No,No,Yes,No
2101288,23,2.0,1,45,87,129,24,69,121,164,18,No,0,0.91,0.96,0,No,No,No,Yes,No
1169428,77,8.0,6,0,25,71,13,34,84,114,33,No,0,0.08,0.05,0,No,No,Yes,Yes,No
2196686,2,9.0,0,0,0,0,0,0,0,0,0,No,0,0.7,0.66,0,No,No,No,Yes,No
2921925,1,8.0,0,5,8,14,2,4,8,11,1,No,0,1.0,0.99,0,No,No,No,Yes,No
1713235,54,2.0,0,0,0,0,0,0,0,1,0,No,0,0.68,0.64,0,No,No,No,Yes,No
1158898,321,8.0,176,340,820,1360,141,593,1210,1584,135,No,0,0.97,0.8,0,No,No,No,Yes,No
1632609,2,8.0,0,20,20,20,1,3,7,11,0,No,0,0.6,0.47,0,No,No,Yes,Yes,No
1675177,19119,,0,0,0,0,23,167,705,889,176,No,0,-99.0,-99.0,0,No,No,No,Yes,No
2962057,2489,8.0,0,0,0,0,0,0,0,0,0,No,0,1.0,0.99,0,No,No,No,Yes,No
1113522,743,2.0,0,0,0,0,1,4,26,27,34,No,0,0.0,0.33,0,Yes,No,Yes,Yes,No
1340509,2,2.0,0,4,12,16,4,6,15,18,0,No,0,0.99,0.98,0,No,No,No,Yes,No
2195685,93,8.0,10,17,34,68,18,41,85,146,24,No,0,0.86,0.72,0,No,No,No,Yes,No
1698217,271,12.0,0,0,0,0,1,3,7,7,1,No,0,0.95,0.86,0,No,No,No,Yes,No
2869306,0,2.0,0,37,67,67,0,0,0,0,0,No,0,0.96,0.92,0,Yes,No,No,Yes,No
1198935,21,9.0,0,0,0,0,0,1,5,10,0,No,0,0.85,0.83,0,Yes,No,No,No,No
3167035,10,8.0,0,0,0,0,0,0,0,1,0,No,0,0.99,0.99,0,No,No,Yes,Yes,No
2971771,3,12.0,0,0,0,0,0,0,0,0,0,No,0,0.57,0.68,0,No,No,No,Yes,No
1372362,160,9.0,0,0,0,0,0,2,2,6,0,No,0,0.91,0.77,0,Yes,No,No,Yes,No
1940194,13,8.0,0,0,0,0,0,0,0,0,1,No,0,0.81,0.87,0,No,No,No,Yes,No
1129518,3,12.0,0,0,0,0,0,0,0,0,0,No,0,1.0,1.0,0,No,No,No,Yes,No
2987859,-1,12.0,0,22,34,54,9,24,41,56,0,No,4,0.73,0.79,1,No,No,Yes,Yes,No
2023329,6,2.0,0,4,7,7,0,0,0,0,0,No,0,0.23,0.26,0,Yes,No,Yes,Yes,No
1854347,209,52.0,0,0,0,0,2,7,15,27,2,No,0,0.79,0.89,0,Yes,No,No,Yes,No
2813512,6,2.0,0,0,0,0,0,0,3,3,0,No,0,0.97,0.9,0,No,No,No,Yes,No
1396663,3,4.0,0,0,0,0,0,0,0,1,0,No,0,0.73,0.78,0,No,No,No,Yes,No
3117350,81,2.0,60,72,177,249,45,133,231,314,37,No,0,0.22,0.13,0,No,No,No,Yes,No
2005410,561,8.0,222,1200,2280,3360,327,1086,2244,3418,229,No,0,0.47,0.76,0,No,No,No,Yes,No
1832771,0,8.0,0,6,6,6,0,2,2,4,1,No,0,0.2,0.31,0,No,No,No,Yes,No
3206201,184,8.0,0,0,0,0,4,7,18,32,6,No,0,1.0,0.99,0,No,No,No,Yes,No
1891665,2,4.0,2,0,2,2,0,1,3,4,0,No,0,0.73,0.78,0,No,No,No,Yes,No
1345515,1,9.0,0,6,6,6,1,2,3,5,0,No,0,0.94,0.91,0,No,No,No,Yes,No
2060178,1,9.0,0,2,2,2,0,0,1,3,0,No,0,0.99,0.98,0,No,No,No,Yes,No
2941794,2,8.0,0,0,0,0,0,0,0,0,1,No,0,0.99,0.94,0,No,No,No,Yes,No
1581622,38,8.0,0,0,0,0,0,0,0,0,0,No,0,-99.0,0.5,0,No,No,No,Yes,No
2137581,1,12.0,0,8,8,8,0,2,7,10,0,No,0,0.73,0.76,0,No,No,No,Yes,No
1827058,3,8.0,0,0,0,0,0,0,0,0,0,No,0,0.87,0.93,0,No,No,No,Yes,No
1621366,-1,8.0,0,5,9,11,2,5,8,15,1,No,0,0.95,0.95,1,No,No,No,Yes,No
3252185,14,2.0,0,0,10,15,0,2,15,26,0,No,0,0.96,0.96,0,No,No,No,Yes,No
2271165,5,2.0,0,0,0,1,0,0,0,2,0,No,0,0.9,0.95,0,No,No,No,Yes,No
3260369,5847,9.0,0,0,0,0,0,0,0,0,0,No,0,0.98,0.88,0,No,No,No,Yes,No
1807303,172,8.0,53,297,507,687,61,185,342,626,76,No,0,1.0,0.99,0,No,No,No,Yes,No
2046595,100,13.0,0,0,1700,1700,12,34,58,90,2,No,0,1.0,0.93,0,No,No,No,Yes,No
3218496,58,9.0,1,28,56,84,9,33,69,100,17,No,0,0.99,0.99,0,No,No,No,Yes,No
1173119,2,9.0,0,0,0,0,0,0,0,0,0,No,0,0.69,0.68,0,No,No,No,Yes,No
1945058,66,8.0,0,0,0,0,0,1,2,5,0,No,0,0.94,0.95,0,No,No,No,Yes,No
2909837,25,8.0,0,0,0,0,0,0,0,0,0,No,0,0.18,0.33,0,No,No,No,Yes,No
1783258,0,9.0,0,1,1,1,0,0,0,1,1,No,0,0.68,0.66,0,No,No,No,Yes,No
1739605,42,8.0,1,408,680,952,86,290,534,774,90,No,0,0.44,0.62,2,No,No,No,Yes,No
1282739,5,2.0,0,0,0,0,3,7,13,19,16,No,0,0.93,0.96,0,No,No,No,Yes,No
3048141,2,8.0,0,0,0,0,0,0,0,0,0,No,0,0.98,0.99,0,No,No,No,Yes,No
3225311,93,,0,0,0,0,0,0,1,3,3,No,0,-99.0,-99.0,0,Yes,No,No,Yes,No
2835456,12,12.0,1,0,0,0,0,0,0,0,1,No,0,0.48,0.48,0,Yes,No,No,Yes,No
1448908,15,8.0,0,0,0,0,0,0,0,0,1,No,0,0.98,0.95,0,Yes,No,No,Yes,No
2858612,0,8.0,0,8,11,12,12,14,23,29,0,No,0,0.66,0.85,0,No,No,No,Yes,No
1229388,11,2.0,11,0,0,0,0,0,0,0,0,No,0,0.15,0.34,0,Yes,No,No,Yes,No
3159189,42,2.0,0,0,0,0,0,14,14,16,0,No,0,0.66,0.66,0,No,No,No,Yes,No
3156973,6,8.0,0,0,0,0,0,0,0,1,0,No,0,0.82,0.81,0,No,No,No,Yes,No
3282594,27,2.0,0,18,54,81,9,32,73,96,0,No,0,0.97,0.93,0,No,No,No,Yes,No
1339328,16,8.0,0,0,0,0,0,0,0,0,0,No,0,0.99,0.98,0,No,No,No,Yes,No
3042930,0,8.0,0,1,2,3,0,1,1,1,1,No,0,0.54,0.71,0,No,No,No,Yes,No
3243442,62,8.0,0,0,0,0,0,4,4,6,0,No,0,0.98,0.98,0,No,No,No,Yes,No
1139801,3,8.0,0,2,2,4,2,4,7,10,0,No,0,0.57,0.48,0,No,No,No,Yes,No
1558283,0,2.0,0,53,53,53,4,4,4,4,0,No,0,0.0,0.33,0,Yes,No,No,Yes,No
1385959,137,8.0,0,0,0,0,2,19,28,46,3,No,0,0.99,0.96,0,Yes,No,No,Yes,No
1167102,2,2.0,0,3,6,9,1,4,10,19,0,No,0,0.99,0.97,0,No,No,No,Yes,No
1437549,39,12.0,0,0,0,0,0,0,0,0,3,No,0,-99.0,-99.0,0,No,No,No,Yes,No
1925180,6,9.0,0,0,0,0,0,0,0,0,0,No,0,0.86,0.84,0,No,No,No,Yes,No
1991998,4,12.0,0,0,0,0,0,0,1,1,0,No,0,0.63,0.72,0,No,No,No,Yes,No
2163322,45,12.0,0,0,0,0,0,0,1,1,2,No,0,0.73,0.76,0,Yes,No,No,Yes,No
3068571,25,2.0,0,15,15,15,13,35,35,35,0,No,0,0.95,0.97,0,Yes,No,No,Yes,No
3241521,24,8.0,0,0,30,30,1,8,24,33,0,No,0,0.71,0.51,0,No,No,Yes,Yes,No
1312879,430,2.0,56,240,560,840,225,612,6971,6980,70,No,0,0.93,0.93,0,Yes,No,No,Yes,No
1443007,11,8.0,0,0,0,0,0,0,0,0,1,No,0,0.67,0.69,0,No,No,No,Yes,No
1749186,5,,0,0,0,0,1,1,1,1,0,No,0,-99.0,-99.0,0,Yes,No,No,Yes,No
2833631,1368,4.0,175,3900,5200,9100,720,2234,4049,5820,488,No,0,0.98,0.96,0,No,No,No,Yes,No
1310168,3,8.0,0,24,36,48,2,17,30,44,2,No,0,0.5,0.37,0,No,No,No,Yes,No
2942644,36,2.0,0,0,0,0,4,4,9,9,3,No,0,0.96,0.96,0,Yes,No,No,Yes,No
1923257,130,0.0,3,68,136,204,20,85,184,292,42,No,0,0.0,0.0,0,No,No,Yes,No,No
2215828,250,2.0,394,1026,1806,2586,367,1068,1646,2214,334,No,0,0.96,0.98,0,No,No,No,Yes,No
3282215,1,12.0,0,0,0,0,0,0,0,0,0,No,0,0.57,0.68,0,No,No,No,Yes,No
1348662,3,4.0,0,0,0,0,0,0,0,0,0,No,0,0.69,0.68,0,Yes,No,No,Yes,No
1766874,29,,0,0,0,0,0,0,0,0,0,No,0,-99.0,-99.0,0,No,No,No,Yes,No
1940479,-1193,12.0,0,3787,3787,3787,3,11,26,34,29,No,0,0.0,0.0,1267,No,No,No,Yes,No
2191404,0,8.0,0,0,0,0,0,0,0,0,0,No,0,1.0,0.91,0,No,No,No,Yes,No
1822761,90,12.0,0,0,0,0,0,0,0,0,0,No,0,0.95,0.86,0,No,No,Yes,Yes,No
1191694,115,12.0,6,75,175,250,26,106,233,326,29,No,0,0.96,0.86,1,No,No,No,Yes,No
3184218,7,8.0,0,0,0,0,0,0,0,0,0,No,0,1.0,0.99,0,No,No,No,Yes,No
3039659,2,8.0,0,23,35,59,6,20,31,44,7,No,0,0.66,0.71,0,No,No,No,Yes,No
1490256,631,,3,0,0,0,28,109,243,437,40,No,0,-99.0,-99.0,0,No,No,No,No,No
1413698,48,,0,0,0,0,0,2,6,11,2,No,0,-99.0,-99.0,0,No,No,No,No,No
1279092,108,8.0,0,8,8,12,0,4,9,15,7,No,0,0.0,0.8,0,No,No,No,Yes,No
2240214,0,2.0,0,0,0,0,2,3,3,3,0,No,0,0.89,0.84,0,No,No,No,Yes,No
1264165,4,9.0,0,0,0,0,0,0,0,0,0,No,0,0.99,0.99,0,No,No,No,Yes,No
3172626,174,8.0,4,180,360,630,41,173,396,584,59,No,0,0.97,0.92,0,No,No,No,Yes,No
1682776,384,4.0,0,0,0,0,3,8,29,42,0,No,0,0.97,0.96,0,No,No,No,Yes,No
2897585,11,4.0,0,0,0,0,0,0,0,0,0,No,0,0.73,0.78,0,No,No,No,Yes,No
1219342,4,2.0,0,0,0,0,0,0,0,1,1,No,0,0.97,0.98,0,No,No,No,Yes,No
2870576,7,2.0,0,14,28,42,16,36,42,44,0,No,0,0.85,0.88,0,Yes,No,No,Yes,No
1210351,43,9.0,0,38,38,38,1,3,12,13,0,No,0,0.91,0.74,0,No,No,No,Yes,No
2993416,6,8.0,0,0,0,0,0,0,0,1,0,No,0,0.18,0.33,0,No,No,No,Yes,No
2825436,8,8.0,0,0,0,0,0,0,0,2,1,No,0,0.87,0.88,0,Yes,No,No,Yes,No
3103120,9,9.0,0,0,0,0,0,0,0,0,0,No,0,0.99,0.99,0,No,No,No,Yes,No
1944886,0,12.0,0,15,19,27,3,8,11,19,0,No,0,0.78,0.78,0,No,No,No,Yes,No
1664632,0,8.0,0,21,39,66,8,23,46,64,0,No,0,1.0,0.97,0,No,No,No,Yes,No
3070474,0,12.0,0,3,3,4,3,5,7,8,0,No,0,0.73,0.79,0,No,No,No,Yes,No
1792885,5,8.0,0,0,0,0,0,0,0,0,1,No,0,0.97,0.98,0,No,No,No,Yes,No
1237270,0,15.0,0,0,0,0,0,0,0,0,0,No,0,0.75,0.74,0,No,No,No,Yes,No
1932002,0,2.0,0,11,15,20,0,6,6,6,0,No,0,0.04,0.03,0,Yes,No,No,Yes,No
1372682,335,2.0,50,399,799,1145,124,461,902,1240,124,No,0,0.92,0.95,0,No,No,No,Yes,No
1963160,3277,8.0,0,0,0,0,1,1,1,1,1,No,0,-99.0,-99.0,0,No,No,No,Yes,No
3148872,11,9.0,0,0,0,0,0,0,0,0,0,No,0,0.94,0.83,0,Yes,No,Yes,Yes,No
2033399,10,8.0,0,92,137,182,13,53,109,167,18,No,0,0.48,0.57,0,No,No,Yes,Yes,No
2907888,105,12.0,2,0,18,63,14,33,58,84,35,No,0,0.68,0.68,0,No,No,Yes,Yes,No
1683109,21,12.0,0,50,50,50,5,23,40,53,0,No,0,0.95,0.86,0,No,No,No,Yes,No
2841996,0,4.0,0,58,78,98,11,24,40,63,16,No,0,0.73,0.78,0,No,No,No,Yes,No
2975210,170,4.0,0,192,192,192,5,26,46,64,0,No,0,0.73,0.78,0,No,No,No,No,No
1578089,12,12.0,0,0,0,0,0,0,0,0,0,No,0,0.78,0.83,0,No,No,No,Yes,No
1305739,0,9.0,0,27,27,27,9,9,9,9,0,No,0,0.85,0.83,0,Yes,No,No,Yes,No
1241741,645,,5,0,0,0,12,27,50,82,15,No,0,-99.0,-99.0,0,Yes,No,No,Yes,No
1477684,17,9.0,0,0,30,30,5,14,41,63,0,No,0,0.99,0.99,0,No,No,No,Yes,No
2806974,30,2.0,0,0,0,0,0,1,1,1,0,No,0,1.0,0.97,0,No,No,No,Yes,No
3064789,82,8.0,3,26,26,52,9,34,73,109,18,No,0,0.58,0.75,0,No,No,No,Yes,No
1516540,5,9.0,0,0,0,0,0,0,0,1,1,No,0,0.03,0.1,0,No,No,No,Yes,No
1236801,160,8.0,0,0,0,0,5,22,36,58,3,No,0,1.0,1.0,0,No,No,No,Yes,No
3024130,46,9.0,0,0,0,0,1,6,15,21,0,No,0,0.85,0.82,0,Yes,No,No,No,No
2274805,87,,0,0,0,0,0,0,0,0,0,No,0,-99.0,-99.0,0,Yes,No,No,Yes,No
1782853,18,13.0,0,0,0,5,3,4,12,21,2,No,0,0.97,0.98,0,No,No,No,Yes,No
2063945,0,8.0,8,5,13,20,0,0,0,0,0,No,0,0.85,0.78,0,No,No,No,Yes,No
3095181,6,9.0,0,0,0,0,0,0,2,3,0,No,0,0.94,0.83,0,Yes,No,No,Yes,No
2964035,25,2.0,0,0,0,0,0,0,0,4,1,No,0,0.84,0.89,0,No,No,No,Yes,No
1814298,16,12.0,0,2,2,7,1,4,13,14,2,No,0,0.74,0.74,0,No,No,No,Yes,No
3204760,223,15.0,0,0,0,0,0,0,0,0,0,No,0,0.99,0.99,0,No,No,No,Yes,No
1426317,0,8.0,0,115,195,195,0,0,0,0,20,No,0,0.98,0.98,0,Yes,No,No,Yes,No
2304506,6,4.0,0,0,0,0,0,0,0,0,0,No,0,0.57,0.7,0,Yes,No,No,Yes,No
1591438,-4,8.0,0,23,40,48,1,6,17,32,5,No,1,0.73,0.73,4,No,No,No,Yes,No
2299799,226,2.0,72,509,1092,1706,173,644,1298,2003,137,No,0,0.88,0.93,0,No,No,No,Yes,No
2107437,45,8.0,72,294,516,732,110,316,4400,4679,54,No,0,0.78,0.76,0,No,No,No,Yes,No
1578336,293,8.0,116,612,924,1236,164,525,1010,1517,241,No,0,0.92,0.84,0,No,No,Yes,Yes,No
3111397,0,8.0,0,0,0,11,0,0,0,0,0,No,0,0.78,0.75,0,No,No,No,Yes,No
1746350,6,2.0,0,0,0,0,0,0,0,0,0,No,0,0.99,0.99,0,Yes,No,No,Yes,No
1169052,118,2.0,0,0,0,230,11,39,82,100,0,No,0,0.87,0.64,0,No,No,Yes,Yes,No
2261170,0,12.0,0,0,0,0,0,0,0,0,0,No,0,0.73,0.76,0,No,No,No,Yes,No
1629808,2,4.0,0,0,0,0,0,0,0,0,0,No,0,0.73,0.78,0,No,No,No,Yes,No
1140921,53,4.0,77,51,153,272,13,72,129,152,0,No,0,0.77,0.8,0,No,No,No,Yes,No
1880213,121,4.0,232,552,1004,1288,79,288,625,923,15,No,33,0.73,0.78,0,No,No,Yes,Yes,No
3159208,8,8.0,0,4,4,4,1,2,5,10,0,No,0,0.66,0.67,0,No,No,No,Yes,No
1362112,2,9.0,0,3,3,3,0,0,0,0,0,No,0,0.68,0.66,0,Yes,No,No,Yes,No
2953738,81,2.0,140,99,233,353,35,174,313,491,70,No,0,0.98,0.99,0,No,No,No,Yes,No
3246243,35,2.0,10,80,180,280,21,59,113,128,0,No,0,0.47,0.44,0,No,No,No,Yes,No
3213851,13,9.0,0,0,0,0,0,0,0,2,0,No,0,0.85,0.82,0,No,No,No,Yes,No
1757548,7,2.0,0,0,0,0,0,0,0,0,0,No,0,0.98,0.99,0,Yes,No,No,Yes,No
2199227,6,2.0,0,0,0,2,3,3,11,11,1,No,0,0.99,0.99,0,Yes,No,No,Yes,No
2841433,3,8.0,0,0,0,0,0,0,0,0,0,No,0,0.87,0.92,0,No,No,Yes,Yes,No
1207570,105,2.0,30,230,480,760,48,107,153,154,65,No,0,0.99,0.94,0,Yes,No,No,Yes,No
1521519,-1,2.0,0,40,56,88,16,36,60,82,0,No,10,0.0,0.0,1,No,No,Yes,Yes,No
1918112,369,0.0,51,429,819,1209,177,475,1023,1520,189,No,0,0.0,0.0,0,No,No,No,No,No
1578977,0,2.0,0,2,2,2,0,0,0,0,0,No,0,0.42,0.36,0,Yes,No,Yes,Yes,No
1596870,10,8.0,0,27,48,69,13,29,50,80,0,No,0,0.85,0.78,0,No,No,No,Yes,No
3193975,6,8.0,0,0,0,0,0,0,0,0,0,No,0,0.82,0.81,0,No,No,No,Yes,No
2163162,9,4.0,3,3,12,12,0,0,0,0,0,No,0,0.93,0.85,0,Yes,No,Yes,Yes,No
2265561,96,2.0,1,98,242,386,20,97,227,317,52,No,0,0.95,0.95,0,No,No,No,Yes,No
2936900,12,9.0,0,0,0,0,0,0,0,0,0,No,0,0.99,0.99,0,No,No,No,Yes,No
1539413,2,8.0,0,0,0,0,0,0,1,1,0,No,0,0.93,0.95,0,No,No,Yes,Yes,No
1318534,19,9.0,0,0,0,4,1,6,9,15,0,No,0,0.99,0.98,0,No,No,No,Yes,No
2849741,29,8.0,0,0,0,0,1,1,2,3,0,No,0,0.35,0.68,0,Yes,No,No,Yes,No
2013551,8,8.0,0,0,0,0,1,3,6,9,0,No,0,0.83,0.86,0,No,No,No,Yes,No
3280714,2,12.0,0,0,0,0,0,0,0,0,0,No,0,0.57,0.68,0,No,No,No,Yes,No
1274364,21,8.0,10,62,117,173,33,72,149,228,2,No,0,0.7,0.75,0,No,No,No,Yes,No
2904273,9,8.0,0,0,0,0,0,0,0,0,0,No,0,0.84,0.82,0,No,No,No,Yes,No
2001791,0,8.0,1,2,4,6,2,4,5,11,0,No,0,0.74,0.73,0,No,No,No,Yes,No
1227626,2,4.0,0,0,0,0,0,0,0,0,0,No,0,0.77,0.8,0,No,No,No,Yes,No
1705306,81,2.0,51,36,72,144,45,108,161,218,26,No,0,0.47,0.51,0,No,No,Yes,Yes,No
2113464,2,8.0,0,2,4,4,0,0,0,0,0,No,0,0.98,0.97,0,No,No,No,Yes,No
2877103,30,8.0,0,0,0,0,0,0,0,0,0,No,0,0.4,0.42,0,No,No,No,Yes,No
1804479,670,52.0,0,0,0,0,0,5,14,34,5,No,0,-99.0,-99.0,0,No,No,No,Yes,No
2098892,0,2.0,0,0,0,0,0,0,0,0,0,No,0,0.96,0.96,0,No,No,No,Yes,No
2816439,2,9.0,0,0,0,0,0,0,0,0,0,No,0,0.7,0.66,0,No,No,Yes,Yes,No
2934424,21,8.0,0,0,0,0,0,1,1,1,10,No,0,0.98,0.97,0,No,No,No,Yes,No
1310690,2874,4.0,12,0,0,7000,220,741,1518,2469,251,No,0,0.97,0.91,0,No,No,No,Yes,No
1365875,0,3.0,0,12,18,24,2,7,8,12,2,No,0,0.43,0.46,0,Yes,No,No,Yes,No
1495969,0,2.0,65,0,0,0,0,0,0,0,0,No,0,0.0,0.0,0,Yes,No,No,Yes,No
1360512,3,12.0,0,0,0,1,1,1,1,1,0,No,0,0.63,0.72,0,No,No,No,Yes,No
1181622,2,9.0,0,0,0,0,0,0,0,0,0,No,0,0.69,0.68,0,No,No,No,Yes,No
3100735,7,4.0,0,0,0,0,0,0,0,0,0,No,0,0.73,0.78,0,No,No,No,Yes,No
3071676,6718,2.0,20,0,0,0,302,784,1223,1720,193,No,0,0.93,0.95,0,No,No,No,Yes,No
1500481,155,,0,0,0,0,0,0,0,0,0,No,0,-99.0,-99.0,0,Yes,No,No,Yes,No
2183274,1,8.0,0,15,22,36,1,5,14,19,0,No,0,0.18,0.31,0,No,No,No,Yes,No
2990889,267,8.0,93,0,0,0,0,0,0,2,1,No,0,0.94,0.97,0,No,No,No,Yes,No
1472628,0,12.0,0,6,6,6,0,2,3,6,0,No,0,0.56,0.46,0,Yes,No,Yes,Yes,No
2275284,-2,8.0,0,57,132,177,28,78,154,263,27,No,0,0.84,0.87,0,No,No,Yes,Yes,No
1647967,2,4.0,0,0,0,0,1,1,1,1,1,No,0,0.24,0.14,0,Yes,No,No,Yes,No
1976582,182,2.0,0,0,0,0,0,0,0,0,9,No,0,0.81,0.82,0,No,No,Yes,Yes,No
2304277,3,8.0,0,0,2,3,2,2,4,7,2,No,0,0.34,0.53,0,No,No,No,Yes,No
3063458,3,8.0,6,6,8,14,2,6,10,18,2,No,0,0.98,0.98,0,No,No,Yes,Yes,No
1773358,3,8.0,0,0,2,3,0,1,2,4,0,No,0,0.78,0.71,0,No,No,No,Yes,No
3225033,2,12.0,0,0,0,0,0,0,0,0,0,No,0,0.73,0.79,0,Yes,No,No,Yes,No
2854829,90,2.0,0,0,300,300,25,66,143,199,1,No,0,0.79,0.87,0,No,No,No,Yes,No
1655348,1017,,88,0,0,0,704,1548,2974,4707,537,No,0,-99.0,-99.0,0,No,No,No,No,No
2085587,134,8.0,0,63,219,355,47,147,327,485,65,No,0,0.99,0.98,0,No,No,No,Yes,No
2954617,77,8.0,0,0,0,0,0,0,0,0,1,No,0,0.76,0.88,0,Yes,No,No,Yes,No
1296191,3,2.0,0,0,0,0,0,0,0,0,1,No,0,0.77,0.78,0,No,No,No,Yes,No
1475977,420,8.0,0,0,0,0,6,18,39,64,4,No,0,1.0,0.99,0,No,No,No,Yes,No
2864103,119,2.0,0,0,0,0,1,1,6,12,1,No,0,0.67,0.69,0,No,No,No,Yes,No
2945001,286,8.0,0,270,270,270,5,27,77,115,20,No,0,0.05,0.07,0,No,No,No,Yes,No
2054918,11,2.0,0,10,10,20,0,0,0,0,0,No,0,1.0,0.9,0,No,No,No,Yes,No
2099993,6,9.0,0,0,0,0,0,0,0,0,0,No,0,0.96,0.96,0,No,No,Yes,Yes,No
1858289,2,8.0,0,2,3,5,0,1,5,6,0,No,0,0.66,0.69,0,No,No,No,Yes,No
1792569,2,8.0,0,21,35,48,7,23,33,55,0,No,0,0.97,0.98,0,No,No,No,Yes,No
